gameId,homeMarket,awayMarket,secsIntoGame,teamMarket,actionType,subType,success,side,shotDist,zones6,zones13,season,team,Year,conf,similar_team,half,primary_side,side_mismatch
1984957,A&M-Corpus Christi,Northwestern St.,124.0,Northwestern St.,2pt,jumpshot,False,RIGHT,20.004,mid2,rb2,2022,A&M-Corpus Christi,2022,Slnd,Nicholls,1,RIGHT,False
1984957,A&M-Corpus Christi,Northwestern St.,352.0,Northwestern St.,2pt,jumpshot,False,RIGHT,15.822,mid2,le2,2022,A&M-Corpus Christi,2022,Slnd,Nicholls,1,RIGHT,False
1984957,A&M-Corpus Christi,Northwestern St.,520.0,Northwestern St.,3pt,jumpshot,True,RIGHT,23.411,atb3,lw3,2022,A&M-Corpus Christi,2022,Slnd,Nicholls,1,RIGHT,False
1984957,A&M-Corpus Christi,Northwestern St.,585.0,Northwestern St.,2pt,jumpshot,True,RIGHT,17.792,mid2,rb2,2022,A&M-Corpus Christi,2022,Slnd,Nicholls,1,RIGHT,False
1984957,A&M-Corpus Christi,Northwestern St.,665.0,Northwestern St.,3pt,jumpshot,False,RIGHT,24.284,atb3,rw3,2022,A&M-Corpus Christi,2022,Slnd,Nicholls,1,RIGHT,False
1984957,A&M-Corpus Christi,Northwestern St.,776.0,Northwestern St.,3pt,jumpshot,False,RIGHT,25.42,atb3,tok3,2022,A&M-Corpus Christi,2022,Slnd,Nicholls,1,RIGHT,False
1984957,A&M-Corpus Christi,Northwestern St.,828.0,Northwestern St.,2pt,jumpshot,True,RIGHT,10.776,paint2,paint2,2022,A&M-Corpus Christi,2022,Slnd,Nicholls,1,RIGHT,False
1984957,A&M-Corpus Christi,Northwestern St.,852.0,Northwestern St.,3pt,jumpshot,False,RIGHT,23.378,atb3,tok3,2022,A&M-Corpus Christi,2022,Slnd,Nicholls,1,RIGHT,False
1984957,A&M-Corpus Christi,Northwestern St.,882.0,Northwestern St.,3pt,jumpshot,True,RIGHT,25.245,atb3,tok3,2022,A&M-Corpus Christi,2022,Slnd,Nicholls,1,RIGHT,False
1984957,A&M-Corpus Christi,Northwestern St.,991.0,Northwestern St.,3pt,jumpshot,False,RIGHT,23.491,atb3,tok3,2022,A&M-Corpus Christi,2022,Slnd,Nicholls,1,RIGHT,False
1984957,A&M-Corpus Christi,Northwestern St.,1106.0,Northwestern St.,3pt,jumpshot,True,RIGHT,22.965,atb3,lw3,2022,A&M-Corpus Christi,2022,Slnd,Nicholls,1,RIGHT,False
1984957,A&M-Corpus Christi,Northwestern St.,1148.0,Northwestern St.,3pt,jumpshot,False,RIGHT,24.087,atb3,rw3,2022,A&M-Corpus Christi,2022,Slnd,Nicholls,1,RIGHT,False
1984957,A&M-Corpus Christi,Northwestern St.,1390.0,Northwestern St.,3pt,jumpshot,False,LEFT,24.372,atb3,tok3,2022,A&M-Corpus Christi,2022,Slnd,Nicholls,2,LEFT,False
1984957,A&M-Corpus Christi,Northwestern St.,1438.0,Northwestern St.,2pt,jumpshot,False,LEFT,12.073,mid2,rb2,2022,A&M-Corpus Christi,2022,Slnd,Nicholls,2,LEFT,False
1984957,A&M-Corpus Christi,Northwestern St.,1635.0,Northwestern St.,2pt,jumpshot,True,LEFT,15.438,mid2,le2,2022,A&M-Corpus Christi,2022,Slnd,Nicholls,2,LEFT,False
1984957,A&M-Corpus Christi,Northwestern St.,1669.0,Northwestern St.,3pt,jumpshot,True,LEFT,25.459,atb3,lw3,2022,A&M-Corpus Christi,2022,Slnd,Nicholls,2,LEFT,False
1984957,A&M-Corpus Christi,Northwestern St.,1824.0,Northwestern St.,2pt,jumpshot,False,LEFT,18.865,mid2,le2,2022,A&M-Corpus Christi,2022,Slnd,Nicholls,2,LEFT,False
1984957,A&M-Corpus Christi,Northwestern St.,1853.0,Northwestern St.,3pt,jumpshot,False,LEFT,25.5,atb3,tok3,2022,A&M-Corpus Christi,2022,Slnd,Nicholls,2,LEFT,False
1984957,A&M-Corpus Christi,Northwestern St.,1996.0,Northwestern St.,3pt,jumpshot,False,LEFT,24.115,atb3,rw3,2022,A&M-Corpus Christi,2022,Slnd,Nicholls,2,LEFT,False
1984957,A&M-Corpus Christi,Northwestern St.,2138.0,Northwestern St.,2pt,jumpshot,True,LEFT,16.316,mid2,re2,2022,A&M-Corpus Christi,2022,Slnd,Nicholls,2,LEFT,False
2033157,A&M-Corpus Christi,McNeese,88.0,McNeese,3pt,jumpshot,True,RIGHT,23.323,atb3,lw3,2022,A&M-Corpus Christi,2022,Slnd,Nicholls,1,RIGHT,False
2033157,A&M-Corpus Christi,McNeese,125.0,McNeese,3pt,pullupjumpshot,False,RIGHT,24.238,atb3,lw3,2022,A&M-Corpus Christi,2022,Slnd,Nicholls,1,RIGHT,False
2033157,A&M-Corpus Christi,McNeese,310.0,McNeese,3pt,jumpshot,False,RIGHT,25.308,atb3,rw3,2022,A&M-Corpus Christi,2022,Slnd,Nicholls,1,RIGHT,False
2033157,A&M-Corpus Christi,McNeese,397.0,McNeese,3pt,jumpshot,True,RIGHT,25.069,atb3,rw3,2022,A&M-Corpus Christi,2022,Slnd,Nicholls,1,RIGHT,False
2033157,A&M-Corpus Christi,McNeese,569.0,McNeese,3pt,jumpshot,False,RIGHT,26.878,atb3,tok3,2022,A&M-Corpus Christi,2022,Slnd,Nicholls,1,RIGHT,False
2033157,A&M-Corpus Christi,McNeese,604.0,McNeese,3pt,jumpshot,False,RIGHT,24.515,atb3,tok3,2022,A&M-Corpus Christi,2022,Slnd,Nicholls,1,RIGHT,False
2033157,A&M-Corpus Christi,McNeese,775.0,McNeese,3pt,jumpshot,True,RIGHT,25.891,atb3,tok3,2022,A&M-Corpus Christi,2022,Slnd,Nicholls,1,RIGHT,False
2033157,A&M-Corpus Christi,McNeese,824.0,McNeese,2pt,floatingjumpshot,False,RIGHT,12.073,mid2,rb2,2022,A&M-Corpus Christi,2022,Slnd,Nicholls,1,RIGHT,False
2033157,A&M-Corpus Christi,McNeese,837.0,McNeese,2pt,pullupjumpshot,False,RIGHT,12.906,mid2,lb2,2022,A&M-Corpus Christi,2022,Slnd,Nicholls,1,RIGHT,False
2033157,A&M-Corpus Christi,McNeese,1114.0,McNeese,3pt,jumpshot,False,RIGHT,25.335,atb3,rw3,2022,A&M-Corpus Christi,2022,Slnd,Nicholls,1,RIGHT,False
2033157,A&M-Corpus Christi,McNeese,1196.7,McNeese,3pt,jumpshot,False,RIGHT,25.938,atb3,tok3,2022,A&M-Corpus Christi,2022,Slnd,Nicholls,1,RIGHT,False
2033157,A&M-Corpus Christi,McNeese,2067.0,McNeese,2pt,jumpshot,False,LEFT,9.911,mid2,rb2,2022,A&M-Corpus Christi,2022,Slnd,Nicholls,2,LEFT,False
2033157,A&M-Corpus Christi,McNeese,2121.0,McNeese,2pt,jumpshot,False,LEFT,19.711,mid2,re2,2022,A&M-Corpus Christi,2022,Slnd,Nicholls,2,LEFT,False
2033157,A&M-Corpus Christi,McNeese,2338.0,McNeese,3pt,jumpshot,False,LEFT,26.075,atb3,rw3,2022,A&M-Corpus Christi,2022,Slnd,Nicholls,2,LEFT,False
2550531,A&M-Corpus Christi,Houston Christian,327.0,Houston Christian,3pt,jumpshot,False,RIGHT,24.825,atb3,tok3,2025,A&M-Corpus Christi,2025,Slnd,SFA,1,RIGHT,False
2550531,A&M-Corpus Christi,Houston Christian,537.0,Houston Christian,3pt,jumpshot,False,RIGHT,24.935,atb3,rw3,2025,A&M-Corpus Christi,2025,Slnd,SFA,1,RIGHT,False
2550531,A&M-Corpus Christi,Houston Christian,574.0,Houston Christian,3pt,jumpshot,False,RIGHT,23.503,c3,rc3,2025,A&M-Corpus Christi,2025,Slnd,SFA,1,RIGHT,False
2550531,A&M-Corpus Christi,Houston Christian,953.0,Houston Christian,3pt,jumpshot,True,RIGHT,25.136,atb3,tok3,2025,A&M-Corpus Christi,2025,Slnd,SFA,1,RIGHT,False
2550531,A&M-Corpus Christi,Houston Christian,997.0,Houston Christian,3pt,jumpshot,False,RIGHT,24.661,atb3,tok3,2025,A&M-Corpus Christi,2025,Slnd,SFA,1,RIGHT,False
2550531,A&M-Corpus Christi,Houston Christian,1343.0,Houston Christian,2pt,jumpshot,False,LEFT,9.878,mid2,rb2,2025,A&M-Corpus Christi,2025,Slnd,SFA,2,LEFT,False
2550531,A&M-Corpus Christi,Houston Christian,1439.0,Houston Christian,2pt,jumpshot,False,LEFT,19.127,mid2,re2,2025,A&M-Corpus Christi,2025,Slnd,SFA,2,LEFT,False
2550531,A&M-Corpus Christi,Houston Christian,1478.0,Houston Christian,3pt,jumpshot,False,LEFT,24.946,atb3,rw3,2025,A&M-Corpus Christi,2025,Slnd,SFA,2,LEFT,False
2550531,A&M-Corpus Christi,Houston Christian,1567.0,Houston Christian,3pt,jumpshot,False,LEFT,23.707,atb3,rw3,2025,A&M-Corpus Christi,2025,Slnd,SFA,2,LEFT,False
2550531,A&M-Corpus Christi,Houston Christian,1648.0,Houston Christian,3pt,jumpshot,True,LEFT,25.063,atb3,rw3,2025,A&M-Corpus Christi,2025,Slnd,SFA,2,LEFT,False
2550531,A&M-Corpus Christi,Houston Christian,1801.0,Houston Christian,3pt,jumpshot,True,LEFT,23.491,atb3,rw3,2025,A&M-Corpus Christi,2025,Slnd,SFA,2,LEFT,False
2550531,A&M-Corpus Christi,Houston Christian,1861.0,Houston Christian,2pt,jumpshot,False,LEFT,5.306,paint2,paint2,2025,A&M-Corpus Christi,2025,Slnd,SFA,2,LEFT,False
2550531,A&M-Corpus Christi,Houston Christian,1996.0,Houston Christian,3pt,jumpshot,False,LEFT,25.334,atb3,tok3,2025,A&M-Corpus Christi,2025,Slnd,SFA,2,LEFT,False
2550531,A&M-Corpus Christi,Houston Christian,2059.0,Houston Christian,2pt,jumpshot,False,LEFT,19.51,mid2,re2,2025,A&M-Corpus Christi,2025,Slnd,SFA,2,LEFT,False
2550531,A&M-Corpus Christi,Houston Christian,2173.0,Houston Christian,3pt,jumpshot,False,LEFT,26.944,atb3,lw3,2025,A&M-Corpus Christi,2025,Slnd,SFA,2,LEFT,False
2550531,A&M-Corpus Christi,Houston Christian,2339.0,Houston Christian,3pt,jumpshot,False,LEFT,23.007,c3,lc3,2025,A&M-Corpus Christi,2025,Slnd,SFA,2,LEFT,False
2551177,A&M-Corpus Christi,McNeese,34.0,McNeese,2pt,jumpshot,False,RIGHT,16.552,mid2,le2,2025,A&M-Corpus Christi,2025,Slnd,SFA,1,RIGHT,False
2551177,A&M-Corpus Christi,McNeese,559.0,McNeese,2pt,hookshot,False,RIGHT,7.712,mid2,rb2,2025,A&M-Corpus Christi,2025,Slnd,SFA,1,RIGHT,False
2551177,A&M-Corpus Christi,McNeese,656.0,McNeese,3pt,jumpshot,False,RIGHT,22.539,c3,lc3,2025,A&M-Corpus Christi,2025,Slnd,SFA,1,RIGHT,False
2551177,A&M-Corpus Christi,McNeese,723.0,McNeese,3pt,jumpshot,False,RIGHT,24.324,atb3,lw3,2025,A&M-Corpus Christi,2025,Slnd,SFA,1,RIGHT,False
2551177,A&M-Corpus Christi,McNeese,754.0,McNeese,3pt,jumpshot,True,RIGHT,23.294,c3,lc3,2025,A&M-Corpus Christi,2025,Slnd,SFA,1,RIGHT,False
2551177,A&M-Corpus Christi,McNeese,1377.0,McNeese,3pt,jumpshot,False,LEFT,23.568,c3,rc3,2025,A&M-Corpus Christi,2025,Slnd,SFA,2,LEFT,False
2551177,A&M-Corpus Christi,McNeese,1512.0,McNeese,2pt,jumpshot,False,LEFT,12.699,paint2,paint2,2025,A&M-Corpus Christi,2025,Slnd,SFA,2,LEFT,False
2551177,A&M-Corpus Christi,McNeese,1688.0,McNeese,3pt,stepbackjumpshot,True,LEFT,24.046,atb3,rw3,2025,A&M-Corpus Christi,2025,Slnd,SFA,2,LEFT,False
2551177,A&M-Corpus Christi,McNeese,1924.0,McNeese,3pt,jumpshot,False,LEFT,26.575,atb3,lw3,2025,A&M-Corpus Christi,2025,Slnd,SFA,2,LEFT,False
2551177,A&M-Corpus Christi,McNeese,1960.0,McNeese,2pt,turnaroundjumpshot,True,LEFT,21.07,mid2,le2,2025,A&M-Corpus Christi,2025,Slnd,SFA,2,LEFT,False
2551177,A&M-Corpus Christi,McNeese,2084.0,McNeese,3pt,jumpshot,True,LEFT,25.783,atb3,lw3,2025,A&M-Corpus Christi,2025,Slnd,SFA,2,LEFT,False
2551177,A&M-Corpus Christi,McNeese,2131.0,McNeese,3pt,jumpshot,False,LEFT,28.405,atb3,lw3,2025,A&M-Corpus Christi,2025,Slnd,SFA,2,LEFT,False
2551177,A&M-Corpus Christi,McNeese,2326.0,McNeese,3pt,jumpshot,False,LEFT,25.717,atb3,tok3,2025,A&M-Corpus Christi,2025,Slnd,SFA,2,LEFT,False
2551177,A&M-Corpus Christi,McNeese,2380.0,McNeese,2pt,jumpshot,False,LEFT,14.704,mid2,re2,2025,A&M-Corpus Christi,2025,Slnd,SFA,2,LEFT,False
2632961,A&M-Corpus Christi,Houston Christian,302.0,Houston Christian,2pt,jumpshot,False,RIGHT,8.866,mid2,lb2,2025,A&M-Corpus Christi,2025,Slnd,SFA,1,RIGHT,False
2632961,A&M-Corpus Christi,Houston Christian,346.0,Houston Christian,3pt,jumpshot,False,RIGHT,22.718,atb3,lw3,2025,A&M-Corpus Christi,2025,Slnd,SFA,1,RIGHT,False
2632961,A&M-Corpus Christi,Houston Christian,395.0,Houston Christian,3pt,jumpshot,True,RIGHT,21.541,c3,lc3,2025,A&M-Corpus Christi,2025,Slnd,SFA,1,RIGHT,False
2632961,A&M-Corpus Christi,Houston Christian,604.0,Houston Christian,3pt,jumpshot,False,RIGHT,22.972,atb3,tok3,2025,A&M-Corpus Christi,2025,Slnd,SFA,1,RIGHT,False
2632961,A&M-Corpus Christi,Houston Christian,678.0,Houston Christian,2pt,jumpshot,False,RIGHT,21.122,mid2,lb2,2025,A&M-Corpus Christi,2025,Slnd,SFA,1,RIGHT,False
2632961,A&M-Corpus Christi,Houston Christian,833.0,Houston Christian,3pt,jumpshot,True,RIGHT,22.789,atb3,rw3,2025,A&M-Corpus Christi,2025,Slnd,SFA,1,RIGHT,False
2632961,A&M-Corpus Christi,Houston Christian,1054.0,Houston Christian,2pt,jumpshot,False,RIGHT,17.327,mid2,re2,2025,A&M-Corpus Christi,2025,Slnd,SFA,1,RIGHT,False
2632961,A&M-Corpus Christi,Houston Christian,1153.7,Houston Christian,3pt,jumpshot,False,RIGHT,24.238,atb3,rw3,2025,A&M-Corpus Christi,2025,Slnd,SFA,1,RIGHT,False
2632961,A&M-Corpus Christi,Houston Christian,1198.6,Houston Christian,3pt,jumpshot,False,RIGHT,22.804,atb3,lw3,2025,A&M-Corpus Christi,2025,Slnd,SFA,1,RIGHT,False
2632961,A&M-Corpus Christi,Houston Christian,1327.0,Houston Christian,3pt,jumpshot,True,LEFT,23.108,atb3,rw3,2025,A&M-Corpus Christi,2025,Slnd,SFA,2,LEFT,False
2632961,A&M-Corpus Christi,Houston Christian,1384.0,Houston Christian,3pt,jumpshot,False,LEFT,24.956,atb3,tok3,2025,A&M-Corpus Christi,2025,Slnd,SFA,2,LEFT,False
2632961,A&M-Corpus Christi,Houston Christian,1422.0,Houston Christian,3pt,jumpshot,False,LEFT,22.44,c3,rc3,2025,A&M-Corpus Christi,2025,Slnd,SFA,2,LEFT,False
2632961,A&M-Corpus Christi,Houston Christian,1501.0,Houston Christian,2pt,jumpshot,True,LEFT,18.778,mid2,le2,2025,A&M-Corpus Christi,2025,Slnd,SFA,2,LEFT,False
2632961,A&M-Corpus Christi,Houston Christian,1536.0,Houston Christian,3pt,jumpshot,False,LEFT,23.555,c3,rc3,2025,A&M-Corpus Christi,2025,Slnd,SFA,2,LEFT,False
2632961,A&M-Corpus Christi,Houston Christian,1735.0,Houston Christian,3pt,jumpshot,False,LEFT,22.544,atb3,rw3,2025,A&M-Corpus Christi,2025,Slnd,SFA,2,LEFT,False
2632961,A&M-Corpus Christi,Houston Christian,1862.0,Houston Christian,2pt,jumpshot,False,LEFT,9.878,mid2,lb2,2025,A&M-Corpus Christi,2025,Slnd,SFA,2,LEFT,False
2632961,A&M-Corpus Christi,Houston Christian,1900.0,Houston Christian,3pt,jumpshot,True,LEFT,23.337,atb3,lw3,2025,A&M-Corpus Christi,2025,Slnd,SFA,2,LEFT,False
2632961,A&M-Corpus Christi,Houston Christian,2262.0,Houston Christian,3pt,jumpshot,False,LEFT,22.725,atb3,rw3,2025,A&M-Corpus Christi,2025,Slnd,SFA,2,LEFT,False
2632961,A&M-Corpus Christi,Houston Christian,2399.9,Houston Christian,3pt,jumpshot,False,LEFT,37.854,heave3,heave3,2025,A&M-Corpus Christi,2025,Slnd,SFA,2,LEFT,False
2189338,A&M-Corpus Christi,UIW,247.0,UIW,3pt,jumpshot,False,RIGHT,25.1,atb3,lw3,2023,A&M-Corpus Christi,2023,Slnd,Nicholls,1,RIGHT,False
2189338,A&M-Corpus Christi,UIW,596.0,UIW,2pt,jumpshot,True,RIGHT,20.256,mid2,lb2,2023,A&M-Corpus Christi,2023,Slnd,Nicholls,1,RIGHT,False
2189338,A&M-Corpus Christi,UIW,678.0,UIW,3pt,jumpshot,False,RIGHT,24.419,atb3,tok3,2023,A&M-Corpus Christi,2023,Slnd,Nicholls,1,RIGHT,False
2189338,A&M-Corpus Christi,UIW,1364.0,UIW,2pt,jumpshot,True,LEFT,19.602,mid2,le2,2023,A&M-Corpus Christi,2023,Slnd,Nicholls,2,LEFT,False
2189338,A&M-Corpus Christi,UIW,1402.0,UIW,2pt,jumpshot,False,LEFT,15.788,mid2,le2,2023,A&M-Corpus Christi,2023,Slnd,Nicholls,2,LEFT,False
2189338,A&M-Corpus Christi,UIW,1736.0,UIW,3pt,jumpshot,False,LEFT,25.329,atb3,tok3,2023,A&M-Corpus Christi,2023,Slnd,Nicholls,2,LEFT,False
2189338,A&M-Corpus Christi,UIW,1863.0,UIW,2pt,jumpshot,False,LEFT,20.153,mid2,lb2,2023,A&M-Corpus Christi,2023,Slnd,Nicholls,2,LEFT,False
2189338,A&M-Corpus Christi,UIW,2153.0,UIW,2pt,jumpshot,False,LEFT,15.829,mid2,rb2,2023,A&M-Corpus Christi,2023,Slnd,Nicholls,2,LEFT,False
2189338,A&M-Corpus Christi,UIW,2305.0,UIW,3pt,jumpshot,False,LEFT,23.687,atb3,tok3,2023,A&M-Corpus Christi,2023,Slnd,Nicholls,2,LEFT,False
2189338,A&M-Corpus Christi,UIW,2360.9,UIW,3pt,jumpshot,False,LEFT,22.614,c3,rc3,2023,A&M-Corpus Christi,2023,Slnd,Nicholls,2,LEFT,False
2248471,A&M-Corpus Christi,Northwestern St.,48.0,Northwestern St.,3pt,jumpshot,True,RIGHT,22.931,atb3,lw3,2023,A&M-Corpus Christi,2023,Slnd,Nicholls,1,RIGHT,False
2248471,A&M-Corpus Christi,Northwestern St.,265.0,Northwestern St.,2pt,jumpshot,False,RIGHT,12.226,mid2,rb2,2023,A&M-Corpus Christi,2023,Slnd,Nicholls,1,RIGHT,False
2248471,A&M-Corpus Christi,Northwestern St.,353.0,Northwestern St.,2pt,jumpshot,False,RIGHT,10.34,mid2,lb2,2023,A&M-Corpus Christi,2023,Slnd,Nicholls,1,RIGHT,False
2248471,A&M-Corpus Christi,Northwestern St.,366.0,Northwestern St.,2pt,jumpshot,False,RIGHT,11.252,mid2,rb2,2023,A&M-Corpus Christi,2023,Slnd,Nicholls,1,RIGHT,False
2248471,A&M-Corpus Christi,Northwestern St.,444.0,Northwestern St.,3pt,jumpshot,True,RIGHT,25.938,atb3,tok3,2023,A&M-Corpus Christi,2023,Slnd,Nicholls,1,RIGHT,False
2248471,A&M-Corpus Christi,Northwestern St.,482.0,Northwestern St.,2pt,stepbackjumpshot,True,RIGHT,13.171,mid2,lb2,2023,A&M-Corpus Christi,2023,Slnd,Nicholls,1,RIGHT,False
2248471,A&M-Corpus Christi,Northwestern St.,570.0,Northwestern St.,2pt,jumpshot,True,RIGHT,8.158,mid2,rb2,2023,A&M-Corpus Christi,2023,Slnd,Nicholls,1,RIGHT,False
2248471,A&M-Corpus Christi,Northwestern St.,614.0,Northwestern St.,2pt,stepbackjumpshot,True,RIGHT,19.069,mid2,re2,2023,A&M-Corpus Christi,2023,Slnd,Nicholls,1,RIGHT,False
2248471,A&M-Corpus Christi,Northwestern St.,652.0,Northwestern St.,2pt,jumpshot,False,RIGHT,14.819,paint2,paint2,2023,A&M-Corpus Christi,2023,Slnd,Nicholls,1,RIGHT,False
2248471,A&M-Corpus Christi,Northwestern St.,958.0,Northwestern St.,3pt,jumpshot,False,RIGHT,23.541,atb3,rw3,2023,A&M-Corpus Christi,2023,Slnd,Nicholls,1,RIGHT,False
2248471,A&M-Corpus Christi,Northwestern St.,1127.0,Northwestern St.,3pt,jumpshot,False,RIGHT,25.079,atb3,rw3,2023,A&M-Corpus Christi,2023,Slnd,Nicholls,1,RIGHT,False
2248471,A&M-Corpus Christi,Northwestern St.,1323.0,Northwestern St.,3pt,jumpshot,False,LEFT,27.441,atb3,lw3,2023,A&M-Corpus Christi,2023,Slnd,Nicholls,2,LEFT,False
2248471,A&M-Corpus Christi,Northwestern St.,1522.0,Northwestern St.,2pt,jumpshot,False,LEFT,20.349,mid2,le2,2023,A&M-Corpus Christi,2023,Slnd,Nicholls,2,LEFT,False
2248471,A&M-Corpus Christi,Northwestern St.,1569.0,Northwestern St.,3pt,jumpshot,False,LEFT,25.845,atb3,lw3,2023,A&M-Corpus Christi,2023,Slnd,Nicholls,2,LEFT,False
2248471,A&M-Corpus Christi,Northwestern St.,1727.0,Northwestern St.,2pt,jumpshot,False,LEFT,18.664,mid2,re2,2023,A&M-Corpus Christi,2023,Slnd,Nicholls,2,LEFT,False
2248471,A&M-Corpus Christi,Northwestern St.,1760.0,Northwestern St.,3pt,jumpshot,True,LEFT,23.038,c3,lc3,2023,A&M-Corpus Christi,2023,Slnd,Nicholls,2,LEFT,False
2248471,A&M-Corpus Christi,Northwestern St.,1862.0,Northwestern St.,2pt,jumpshot,False,LEFT,14.567,mid2,re2,2023,A&M-Corpus Christi,2023,Slnd,Nicholls,2,LEFT,False
2248471,A&M-Corpus Christi,Northwestern St.,1906.0,Northwestern St.,2pt,jumpshot,True,LEFT,9.767,mid2,lb2,2023,A&M-Corpus Christi,2023,Slnd,Nicholls,2,LEFT,False
2248471,A&M-Corpus Christi,Northwestern St.,2067.0,Northwestern St.,2pt,jumpshot,False,LEFT,3.249,atr2,atr2,2023,A&M-Corpus Christi,2023,Slnd,Nicholls,2,LEFT,False
2248471,A&M-Corpus Christi,Northwestern St.,2166.0,Northwestern St.,3pt,jumpshot,False,LEFT,23.609,c3,lc3,2023,A&M-Corpus Christi,2023,Slnd,Nicholls,2,LEFT,False
2248471,A&M-Corpus Christi,Northwestern St.,2226.0,Northwestern St.,2pt,jumpshot,False,LEFT,23.538,mid2,lb2,2023,A&M-Corpus Christi,2023,Slnd,Nicholls,2,LEFT,False
2248471,A&M-Corpus Christi,Northwestern St.,2273.0,Northwestern St.,3pt,jumpshot,False,LEFT,24.331,atb3,lw3,2023,A&M-Corpus Christi,2023,Slnd,Nicholls,2,LEFT,False
2248471,A&M-Corpus Christi,Northwestern St.,2328.0,Northwestern St.,3pt,jumpshot,True,LEFT,23.294,c3,lc3,2023,A&M-Corpus Christi,2023,Slnd,Nicholls,2,LEFT,False
2248471,A&M-Corpus Christi,Northwestern St.,2391.8,Northwestern St.,3pt,jumpshot,False,LEFT,22.33,c3,rc3,2023,A&M-Corpus Christi,2023,Slnd,Nicholls,2,LEFT,False
2248471,A&M-Corpus Christi,Northwestern St.,2399.1,Northwestern St.,3pt,jumpshot,False,LEFT,23.17,atb3,rw3,2023,A&M-Corpus Christi,2023,Slnd,Nicholls,2,LEFT,False
2189338,A&M-Corpus Christi,UIW,102.0,UIW,3pt,jumpshot,False,RIGHT,22.697,atb3,tok3,2023,A&M-Corpus Christi,2023,Slnd,Nicholls,1,RIGHT,False
2189338,A&M-Corpus Christi,UIW,280.0,UIW,2pt,jumpshot,True,RIGHT,5.291,paint2,paint2,2023,A&M-Corpus Christi,2023,Slnd,Nicholls,1,RIGHT,False
2189338,A&M-Corpus Christi,UIW,453.0,UIW,3pt,jumpshot,False,RIGHT,23.789,atb3,lw3,2023,A&M-Corpus Christi,2023,Slnd,Nicholls,1,RIGHT,False
2189338,A&M-Corpus Christi,UIW,814.0,UIW,3pt,jumpshot,False,RIGHT,23.371,c3,rc3,2023,A&M-Corpus Christi,2023,Slnd,Nicholls,1,RIGHT,False
2189338,A&M-Corpus Christi,UIW,1159.7,UIW,2pt,jumpshot,False,RIGHT,11.824,paint2,paint2,2023,A&M-Corpus Christi,2023,Slnd,Nicholls,1,RIGHT,False
2189338,A&M-Corpus Christi,UIW,1197.8,UIW,2pt,jumpshot,False,RIGHT,8.635,paint2,paint2,2023,A&M-Corpus Christi,2023,Slnd,Nicholls,1,RIGHT,False
2189338,A&M-Corpus Christi,UIW,1214.0,UIW,3pt,jumpshot,False,LEFT,24.484,atb3,lw3,2023,A&M-Corpus Christi,2023,Slnd,Nicholls,2,LEFT,False
2189338,A&M-Corpus Christi,UIW,1605.0,UIW,2pt,jumpshot,False,LEFT,8.96,paint2,paint2,2023,A&M-Corpus Christi,2023,Slnd,Nicholls,2,LEFT,False
2189338,A&M-Corpus Christi,UIW,1775.0,UIW,3pt,jumpshot,False,LEFT,24.197,atb3,rw3,2023,A&M-Corpus Christi,2023,Slnd,Nicholls,2,LEFT,False
2189338,A&M-Corpus Christi,UIW,2025.0,UIW,2pt,jumpshot,False,LEFT,6.035,paint2,paint2,2023,A&M-Corpus Christi,2023,Slnd,Nicholls,2,LEFT,False
2189338,A&M-Corpus Christi,UIW,2102.0,UIW,3pt,jumpshot,False,LEFT,24.664,atb3,rw3,2023,A&M-Corpus Christi,2023,Slnd,Nicholls,2,LEFT,False
2343511,A&M-Corpus Christi,McNeese,45.0,McNeese,3pt,jumpshot,False,RIGHT,24.176,atb3,lw3,2024,A&M-Corpus Christi,2024,Slnd,McNeese,1,RIGHT,False
2343511,A&M-Corpus Christi,McNeese,61.0,McNeese,3pt,jumpshot,True,RIGHT,24.393,atb3,rw3,2024,A&M-Corpus Christi,2024,Slnd,McNeese,1,RIGHT,False
2343511,A&M-Corpus Christi,McNeese,161.0,McNeese,2pt,jumpshot,False,RIGHT,8.85,paint2,paint2,2024,A&M-Corpus Christi,2024,Slnd,McNeese,1,RIGHT,False
2343511,A&M-Corpus Christi,McNeese,340.0,McNeese,3pt,jumpshot,False,RIGHT,24.311,atb3,tok3,2024,A&M-Corpus Christi,2024,Slnd,McNeese,1,RIGHT,False
2343511,A&M-Corpus Christi,McNeese,426.0,McNeese,3pt,jumpshot,False,RIGHT,23.457,atb3,lw3,2024,A&M-Corpus Christi,2024,Slnd,McNeese,1,RIGHT,False
2343511,A&M-Corpus Christi,McNeese,461.0,McNeese,2pt,turnaroundjumpshot,True,RIGHT,14.704,mid2,re2,2024,A&M-Corpus Christi,2024,Slnd,McNeese,1,RIGHT,False
2343511,A&M-Corpus Christi,McNeese,503.0,McNeese,2pt,floatingjumpshot,True,RIGHT,6.498,paint2,paint2,2024,A&M-Corpus Christi,2024,Slnd,McNeese,1,RIGHT,False
2343511,A&M-Corpus Christi,McNeese,559.0,McNeese,2pt,turnaroundjumpshot,True,RIGHT,11.713,paint2,paint2,2024,A&M-Corpus Christi,2024,Slnd,McNeese,1,RIGHT,False
2343511,A&M-Corpus Christi,McNeese,607.0,McNeese,2pt,stepbackjumpshot,True,RIGHT,15.316,mid2,le2,2024,A&M-Corpus Christi,2024,Slnd,McNeese,1,RIGHT,False
2343511,A&M-Corpus Christi,McNeese,635.0,McNeese,3pt,jumpshot,False,RIGHT,24.167,atb3,tok3,2024,A&M-Corpus Christi,2024,Slnd,McNeese,1,RIGHT,False
2343511,A&M-Corpus Christi,McNeese,1001.0,McNeese,3pt,jumpshot,True,RIGHT,24.512,c3,lc3,2024,A&M-Corpus Christi,2024,Slnd,McNeese,1,RIGHT,False
2343511,A&M-Corpus Christi,McNeese,1151.7,McNeese,2pt,turnaroundjumpshot,False,RIGHT,13.389,paint2,paint2,2024,A&M-Corpus Christi,2024,Slnd,McNeese,1,RIGHT,False
2343511,A&M-Corpus Christi,McNeese,1228.0,McNeese,3pt,jumpshot,False,LEFT,25.149,atb3,tok3,2024,A&M-Corpus Christi,2024,Slnd,McNeese,2,LEFT,False
2343511,A&M-Corpus Christi,McNeese,1311.0,McNeese,3pt,jumpshot,False,LEFT,24.049,atb3,rw3,2024,A&M-Corpus Christi,2024,Slnd,McNeese,2,LEFT,False
2343511,A&M-Corpus Christi,McNeese,1361.0,McNeese,2pt,jumpshot,False,LEFT,13.994,mid2,re2,2024,A&M-Corpus Christi,2024,Slnd,McNeese,2,LEFT,False
2343511,A&M-Corpus Christi,McNeese,1403.0,McNeese,3pt,jumpshot,False,LEFT,24.156,atb3,rw3,2024,A&M-Corpus Christi,2024,Slnd,McNeese,2,LEFT,False
2343511,A&M-Corpus Christi,McNeese,1692.0,McNeese,3pt,jumpshot,True,LEFT,24.322,c3,rc3,2024,A&M-Corpus Christi,2024,Slnd,McNeese,2,LEFT,False
2343511,A&M-Corpus Christi,McNeese,2016.0,McNeese,3pt,jumpshot,False,LEFT,24.831,atb3,lw3,2024,A&M-Corpus Christi,2024,Slnd,McNeese,2,LEFT,False
2343511,A&M-Corpus Christi,McNeese,2086.0,McNeese,3pt,jumpshot,True,LEFT,24.537,atb3,lw3,2024,A&M-Corpus Christi,2024,Slnd,McNeese,2,LEFT,False
2343511,A&M-Corpus Christi,McNeese,2303.0,McNeese,3pt,jumpshot,False,LEFT,25.777,atb3,lw3,2024,A&M-Corpus Christi,2024,Slnd,McNeese,2,LEFT,False
1793998,A&M-Corpus Christi,UIW,149.0,UIW,3pt,jumpshot,False,RIGHT,23.746,atb3,rw3,2021,A&M-Corpus Christi,2021,Slnd,New Orleans,1,RIGHT,False
1793998,A&M-Corpus Christi,UIW,275.0,UIW,3pt,jumpshot,False,RIGHT,23.17,atb3,lw3,2021,A&M-Corpus Christi,2021,Slnd,New Orleans,1,RIGHT,False
1793998,A&M-Corpus Christi,UIW,521.0,UIW,3pt,jumpshot,True,RIGHT,25.406,atb3,rw3,2021,A&M-Corpus Christi,2021,Slnd,New Orleans,1,RIGHT,False
1793998,A&M-Corpus Christi,UIW,621.0,UIW,3pt,jumpshot,True,RIGHT,24.158,atb3,lw3,2021,A&M-Corpus Christi,2021,Slnd,New Orleans,1,RIGHT,False
1793998,A&M-Corpus Christi,UIW,776.0,UIW,3pt,jumpshot,False,RIGHT,24.158,atb3,lw3,2021,A&M-Corpus Christi,2021,Slnd,New Orleans,1,RIGHT,False
1793998,A&M-Corpus Christi,UIW,1081.0,UIW,3pt,jumpshot,True,RIGHT,23.179,atb3,lw3,2021,A&M-Corpus Christi,2021,Slnd,New Orleans,1,RIGHT,False
1793998,A&M-Corpus Christi,UIW,1298.0,UIW,3pt,jumpshot,False,LEFT,24.866,atb3,rw3,2021,A&M-Corpus Christi,2021,Slnd,New Orleans,2,LEFT,False
1793998,A&M-Corpus Christi,UIW,1326.0,UIW,2pt,jumpshot,False,LEFT,18.257,mid2,re2,2021,A&M-Corpus Christi,2021,Slnd,New Orleans,2,LEFT,False
1793998,A&M-Corpus Christi,UIW,1611.0,UIW,2pt,jumpshot,False,LEFT,9.517,paint2,paint2,2021,A&M-Corpus Christi,2021,Slnd,New Orleans,2,LEFT,False
1793998,A&M-Corpus Christi,UIW,2202.0,UIW,2pt,jumpshot,False,LEFT,12.768,paint2,paint2,2021,A&M-Corpus Christi,2021,Slnd,New Orleans,2,LEFT,False
1793998,A&M-Corpus Christi,UIW,2252.0,UIW,2pt,jumpshot,False,LEFT,18.445,mid2,re2,2021,A&M-Corpus Christi,2021,Slnd,New Orleans,2,LEFT,False
1992952,A&M-Corpus Christi,Nicholls,207.0,Nicholls,2pt,jumpshot,True,RIGHT,14.278,paint2,paint2,2022,A&M-Corpus Christi,2022,Slnd,Nicholls,1,RIGHT,False
1992952,A&M-Corpus Christi,Nicholls,243.0,Nicholls,3pt,jumpshot,True,RIGHT,25.024,atb3,rw3,2022,A&M-Corpus Christi,2022,Slnd,Nicholls,1,RIGHT,False
1992952,A&M-Corpus Christi,Nicholls,626.0,Nicholls,2pt,jumpshot,True,RIGHT,18.192,mid2,re2,2022,A&M-Corpus Christi,2022,Slnd,Nicholls,1,RIGHT,False
1992952,A&M-Corpus Christi,Nicholls,759.0,Nicholls,3pt,jumpshot,False,RIGHT,26.464,atb3,rw3,2022,A&M-Corpus Christi,2022,Slnd,Nicholls,1,RIGHT,False
1992952,A&M-Corpus Christi,Nicholls,916.0,Nicholls,2pt,jumpshot,False,RIGHT,12.965,mid2,le2,2022,A&M-Corpus Christi,2022,Slnd,Nicholls,1,RIGHT,False
1992952,A&M-Corpus Christi,Nicholls,1025.0,Nicholls,3pt,jumpshot,False,RIGHT,22.614,c3,lc3,2022,A&M-Corpus Christi,2022,Slnd,Nicholls,1,RIGHT,False
1992952,A&M-Corpus Christi,Nicholls,1060.0,Nicholls,2pt,jumpshot,True,RIGHT,13.958,mid2,lb2,2022,A&M-Corpus Christi,2022,Slnd,Nicholls,1,RIGHT,False
1992952,A&M-Corpus Christi,Nicholls,1163.6,Nicholls,3pt,jumpshot,True,RIGHT,24.178,atb3,rw3,2022,A&M-Corpus Christi,2022,Slnd,Nicholls,1,RIGHT,False
1992952,A&M-Corpus Christi,Nicholls,1298.0,Nicholls,2pt,jumpshot,False,LEFT,8.65,paint2,paint2,2022,A&M-Corpus Christi,2022,Slnd,Nicholls,2,LEFT,False
1992952,A&M-Corpus Christi,Nicholls,1608.0,Nicholls,3pt,jumpshot,True,LEFT,24.652,atb3,tok3,2022,A&M-Corpus Christi,2022,Slnd,Nicholls,2,LEFT,False
1992952,A&M-Corpus Christi,Nicholls,1858.0,Nicholls,3pt,jumpshot,True,LEFT,23.294,c3,rc3,2022,A&M-Corpus Christi,2022,Slnd,Nicholls,2,LEFT,False
1992952,A&M-Corpus Christi,Nicholls,1943.0,Nicholls,3pt,jumpshot,False,LEFT,24.045,c3,lc3,2022,A&M-Corpus Christi,2022,Slnd,Nicholls,2,LEFT,False
1992952,A&M-Corpus Christi,Nicholls,1966.0,Nicholls,2pt,jumpshot,True,LEFT,21.123,mid2,re2,2022,A&M-Corpus Christi,2022,Slnd,Nicholls,2,LEFT,False
1992952,A&M-Corpus Christi,Nicholls,2114.0,Nicholls,3pt,jumpshot,False,LEFT,23.708,atb3,rw3,2022,A&M-Corpus Christi,2022,Slnd,Nicholls,2,LEFT,False
1992952,A&M-Corpus Christi,Nicholls,2306.0,Nicholls,3pt,jumpshot,False,LEFT,25.238,atb3,lw3,2022,A&M-Corpus Christi,2022,Slnd,Nicholls,2,LEFT,False
1992952,A&M-Corpus Christi,Nicholls,2385.3,Nicholls,3pt,jumpshot,False,LEFT,31.946,heave3,heave3,2022,A&M-Corpus Christi,2022,Slnd,Nicholls,2,LEFT,False
2192566,A&M-Corpus Christi,Nicholls,581.0,Nicholls,3pt,jumpshot,False,RIGHT,23.17,atb3,lw3,2023,A&M-Corpus Christi,2023,Slnd,Nicholls,1,RIGHT,False
2192566,A&M-Corpus Christi,Nicholls,683.0,Nicholls,2pt,jumpshot,False,RIGHT,8.59,paint2,paint2,2023,A&M-Corpus Christi,2023,Slnd,Nicholls,1,RIGHT,False
2192566,A&M-Corpus Christi,Nicholls,956.0,Nicholls,3pt,jumpshot,True,RIGHT,24.463,atb3,lw3,2023,A&M-Corpus Christi,2023,Slnd,Nicholls,1,RIGHT,False
2192566,A&M-Corpus Christi,Nicholls,1115.0,Nicholls,3pt,jumpshot,False,RIGHT,24.068,atb3,lw3,2023,A&M-Corpus Christi,2023,Slnd,Nicholls,1,RIGHT,False
2192566,A&M-Corpus Christi,Nicholls,1382.0,Nicholls,3pt,jumpshot,False,LEFT,26.079,atb3,tok3,2023,A&M-Corpus Christi,2023,Slnd,Nicholls,2,LEFT,False
2192566,A&M-Corpus Christi,Nicholls,1912.0,Nicholls,2pt,jumpshot,True,LEFT,4.514,paint2,paint2,2023,A&M-Corpus Christi,2023,Slnd,Nicholls,2,LEFT,False
2192566,A&M-Corpus Christi,Nicholls,1946.0,Nicholls,2pt,jumpshot,True,LEFT,6.17,paint2,paint2,2023,A&M-Corpus Christi,2023,Slnd,Nicholls,2,LEFT,False
2192566,A&M-Corpus Christi,Nicholls,2219.0,Nicholls,3pt,jumpshot,False,LEFT,25.111,atb3,lw3,2023,A&M-Corpus Christi,2023,Slnd,Nicholls,2,LEFT,False
2192566,A&M-Corpus Christi,Nicholls,2370.9,Nicholls,3pt,jumpshot,True,LEFT,27.827,atb3,lw3,2023,A&M-Corpus Christi,2023,Slnd,Nicholls,2,LEFT,False
1781098,A&M-Corpus Christi,Abilene Christian,90.0,Abilene Christian,2pt,jumpshot,False,RIGHT,6.415,paint2,paint2,2021,A&M-Corpus Christi,2021,Slnd,New Orleans,1,RIGHT,False
1781098,A&M-Corpus Christi,Abilene Christian,311.0,Abilene Christian,2pt,jumpshot,True,RIGHT,8.603,mid2,rb2,2021,A&M-Corpus Christi,2021,Slnd,New Orleans,1,RIGHT,False
1781098,A&M-Corpus Christi,Abilene Christian,375.0,Abilene Christian,2pt,jumpshot,False,RIGHT,18.435,mid2,re2,2021,A&M-Corpus Christi,2021,Slnd,New Orleans,1,RIGHT,False
1781098,A&M-Corpus Christi,Abilene Christian,500.0,Abilene Christian,2pt,jumpshot,False,RIGHT,14.005,mid2,rb2,2021,A&M-Corpus Christi,2021,Slnd,New Orleans,1,RIGHT,False
1781098,A&M-Corpus Christi,Abilene Christian,532.0,Abilene Christian,3pt,jumpshot,False,RIGHT,24.418,atb3,tok3,2021,A&M-Corpus Christi,2021,Slnd,New Orleans,1,RIGHT,False
1781098,A&M-Corpus Christi,Abilene Christian,706.0,Abilene Christian,3pt,jumpshot,True,RIGHT,23.038,c3,rc3,2021,A&M-Corpus Christi,2021,Slnd,New Orleans,1,RIGHT,False
1781098,A&M-Corpus Christi,Abilene Christian,860.0,Abilene Christian,3pt,jumpshot,False,RIGHT,24.045,c3,rc3,2021,A&M-Corpus Christi,2021,Slnd,New Orleans,1,RIGHT,False
1781098,A&M-Corpus Christi,Abilene Christian,994.0,Abilene Christian,3pt,jumpshot,True,RIGHT,23.609,c3,lc3,2021,A&M-Corpus Christi,2021,Slnd,New Orleans,1,RIGHT,False
1781098,A&M-Corpus Christi,Abilene Christian,1331.0,Abilene Christian,3pt,jumpshot,False,LEFT,23.612,atb3,tok3,2021,A&M-Corpus Christi,2021,Slnd,New Orleans,2,LEFT,False
1781098,A&M-Corpus Christi,Abilene Christian,1339.0,Abilene Christian,3pt,jumpshot,True,LEFT,23.647,atb3,tok3,2021,A&M-Corpus Christi,2021,Slnd,New Orleans,2,LEFT,False
1781098,A&M-Corpus Christi,Abilene Christian,1618.0,Abilene Christian,3pt,jumpshot,False,LEFT,24.546,atb3,tok3,2021,A&M-Corpus Christi,2021,Slnd,New Orleans,2,LEFT,False
1781098,A&M-Corpus Christi,Abilene Christian,1634.0,Abilene Christian,2pt,jumpshot,False,LEFT,17.014,mid2,rb2,2021,A&M-Corpus Christi,2021,Slnd,New Orleans,2,LEFT,False
1781098,A&M-Corpus Christi,Abilene Christian,1675.0,Abilene Christian,3pt,jumpshot,True,LEFT,25.084,atb3,lw3,2021,A&M-Corpus Christi,2021,Slnd,New Orleans,2,LEFT,False
1781098,A&M-Corpus Christi,Abilene Christian,1724.0,Abilene Christian,3pt,jumpshot,False,LEFT,24.418,atb3,tok3,2021,A&M-Corpus Christi,2021,Slnd,New Orleans,2,LEFT,False
1781098,A&M-Corpus Christi,Abilene Christian,1966.0,Abilene Christian,2pt,jumpshot,True,LEFT,7.041,paint2,paint2,2021,A&M-Corpus Christi,2021,Slnd,New Orleans,2,LEFT,False
2195022,A&M-Corpus Christi,Lamar University,666.0,Lamar University,2pt,jumpshot,False,RIGHT,7.779,paint2,paint2,2023,A&M-Corpus Christi,2023,Slnd,Nicholls,1,RIGHT,False
2195022,A&M-Corpus Christi,Lamar University,812.0,Lamar University,3pt,jumpshot,True,RIGHT,23.707,atb3,tok3,2023,A&M-Corpus Christi,2023,Slnd,Nicholls,1,RIGHT,False
2195022,A&M-Corpus Christi,Lamar University,969.0,Lamar University,3pt,jumpshot,True,RIGHT,23.945,atb3,rw3,2023,A&M-Corpus Christi,2023,Slnd,Nicholls,1,RIGHT,False
2195022,A&M-Corpus Christi,Lamar University,1058.0,Lamar University,3pt,jumpshot,False,RIGHT,25.372,atb3,tok3,2023,A&M-Corpus Christi,2023,Slnd,Nicholls,1,RIGHT,False
2195022,A&M-Corpus Christi,Lamar University,1136.0,Lamar University,2pt,jumpshot,False,RIGHT,13.732,mid2,le2,2023,A&M-Corpus Christi,2023,Slnd,Nicholls,1,RIGHT,False
2195022,A&M-Corpus Christi,Lamar University,1199.8,Lamar University,2pt,jumpshot,False,RIGHT,17.142,mid2,le2,2023,A&M-Corpus Christi,2023,Slnd,Nicholls,1,RIGHT,False
2195022,A&M-Corpus Christi,Lamar University,1229.0,Lamar University,3pt,jumpshot,False,LEFT,23.038,c3,lc3,2023,A&M-Corpus Christi,2023,Slnd,Nicholls,2,LEFT,False
2195022,A&M-Corpus Christi,Lamar University,1845.0,Lamar University,3pt,jumpshot,True,LEFT,22.728,c3,lc3,2023,A&M-Corpus Christi,2023,Slnd,Nicholls,2,LEFT,False
2347466,A&M-Corpus Christi,Northwestern St.,56.0,Northwestern St.,3pt,jumpshot,False,RIGHT,25.117,atb3,rw3,2024,A&M-Corpus Christi,2024,Slnd,McNeese,1,RIGHT,False
2347466,A&M-Corpus Christi,Northwestern St.,116.0,Northwestern St.,3pt,jumpshot,True,RIGHT,24.029,c3,lc3,2024,A&M-Corpus Christi,2024,Slnd,McNeese,1,RIGHT,False
2347466,A&M-Corpus Christi,Northwestern St.,264.0,Northwestern St.,2pt,pullupjumpshot,False,RIGHT,17.453,mid2,le2,2024,A&M-Corpus Christi,2024,Slnd,McNeese,1,RIGHT,False
2347466,A&M-Corpus Christi,Northwestern St.,303.0,Northwestern St.,3pt,jumpshot,False,RIGHT,24.045,c3,lc3,2024,A&M-Corpus Christi,2024,Slnd,McNeese,1,RIGHT,False
2347466,A&M-Corpus Christi,Northwestern St.,436.0,Northwestern St.,2pt,jumpshot,False,RIGHT,6.051,paint2,paint2,2024,A&M-Corpus Christi,2024,Slnd,McNeese,1,RIGHT,False
2347466,A&M-Corpus Christi,Northwestern St.,601.0,Northwestern St.,2pt,jumpshot,False,RIGHT,9.79,paint2,paint2,2024,A&M-Corpus Christi,2024,Slnd,McNeese,1,RIGHT,False
2347466,A&M-Corpus Christi,Northwestern St.,749.0,Northwestern St.,2pt,floatingjumpshot,False,RIGHT,9.358,paint2,paint2,2024,A&M-Corpus Christi,2024,Slnd,McNeese,1,RIGHT,False
2347466,A&M-Corpus Christi,Northwestern St.,859.0,Northwestern St.,3pt,jumpshot,False,RIGHT,23.003,c3,rc3,2024,A&M-Corpus Christi,2024,Slnd,McNeese,1,RIGHT,False
2347466,A&M-Corpus Christi,Northwestern St.,927.0,Northwestern St.,3pt,jumpshot,False,RIGHT,24.459,atb3,rw3,2024,A&M-Corpus Christi,2024,Slnd,McNeese,1,RIGHT,False
2347466,A&M-Corpus Christi,Northwestern St.,1326.0,Northwestern St.,2pt,jumpshot,False,LEFT,13.872,mid2,le2,2024,A&M-Corpus Christi,2024,Slnd,McNeese,2,LEFT,False
2347466,A&M-Corpus Christi,Northwestern St.,1569.0,Northwestern St.,2pt,floatingjumpshot,True,LEFT,7.041,paint2,paint2,2024,A&M-Corpus Christi,2024,Slnd,McNeese,2,LEFT,False
2347466,A&M-Corpus Christi,Northwestern St.,1658.0,Northwestern St.,2pt,jumpshot,False,LEFT,8.655,mid2,rb2,2024,A&M-Corpus Christi,2024,Slnd,McNeese,2,LEFT,False
2347466,A&M-Corpus Christi,Northwestern St.,1683.0,Northwestern St.,3pt,jumpshot,False,LEFT,23.069,c3,lc3,2024,A&M-Corpus Christi,2024,Slnd,McNeese,2,LEFT,False
2347466,A&M-Corpus Christi,Northwestern St.,1904.0,Northwestern St.,3pt,jumpshot,True,LEFT,25.796,atb3,tok3,2024,A&M-Corpus Christi,2024,Slnd,McNeese,2,LEFT,False
2347466,A&M-Corpus Christi,Northwestern St.,2036.0,Northwestern St.,3pt,jumpshot,False,LEFT,24.727,atb3,rw3,2024,A&M-Corpus Christi,2024,Slnd,McNeese,2,LEFT,False
2347466,A&M-Corpus Christi,Northwestern St.,2133.0,Northwestern St.,3pt,jumpshot,False,LEFT,23.038,c3,lc3,2024,A&M-Corpus Christi,2024,Slnd,McNeese,2,LEFT,False
2067256,A&M-Corpus Christi,Houston Christian,64.0,Houston Christian,3pt,jumpshot,True,RIGHT,23.503,c3,lc3,2022,A&M-Corpus Christi,2022,Slnd,Nicholls,1,RIGHT,False
2067256,A&M-Corpus Christi,Houston Christian,367.0,Houston Christian,2pt,jumpshot,False,RIGHT,20.13,mid2,le2,2022,A&M-Corpus Christi,2022,Slnd,Nicholls,1,RIGHT,False
2067256,A&M-Corpus Christi,Houston Christian,430.0,Houston Christian,2pt,jumpshot,False,RIGHT,12.62,paint2,paint2,2022,A&M-Corpus Christi,2022,Slnd,Nicholls,1,RIGHT,False
2067256,A&M-Corpus Christi,Houston Christian,537.0,Houston Christian,3pt,jumpshot,False,RIGHT,23.609,c3,rc3,2022,A&M-Corpus Christi,2022,Slnd,Nicholls,1,RIGHT,False
2067256,A&M-Corpus Christi,Houston Christian,585.0,Houston Christian,3pt,jumpshot,False,RIGHT,27.147,atb3,lw3,2022,A&M-Corpus Christi,2022,Slnd,Nicholls,1,RIGHT,False
2067256,A&M-Corpus Christi,Houston Christian,601.0,Houston Christian,2pt,floatingjumpshot,True,RIGHT,10.028,mid2,lb2,2022,A&M-Corpus Christi,2022,Slnd,Nicholls,1,RIGHT,False
2067256,A&M-Corpus Christi,Houston Christian,639.0,Houston Christian,3pt,jumpshot,True,RIGHT,22.614,c3,lc3,2022,A&M-Corpus Christi,2022,Slnd,Nicholls,1,RIGHT,False
2067256,A&M-Corpus Christi,Houston Christian,778.0,Houston Christian,3pt,jumpshot,False,RIGHT,23.112,c3,lc3,2022,A&M-Corpus Christi,2022,Slnd,Nicholls,1,RIGHT,False
2067256,A&M-Corpus Christi,Houston Christian,855.0,Houston Christian,3pt,jumpshot,False,RIGHT,25.703,atb3,rw3,2022,A&M-Corpus Christi,2022,Slnd,Nicholls,1,RIGHT,False
2067256,A&M-Corpus Christi,Houston Christian,865.0,Houston Christian,2pt,jumpshot,False,RIGHT,9.992,paint2,paint2,2022,A&M-Corpus Christi,2022,Slnd,Nicholls,1,RIGHT,False
2067256,A&M-Corpus Christi,Houston Christian,887.0,Houston Christian,3pt,jumpshot,False,RIGHT,22.905,atb3,lw3,2022,A&M-Corpus Christi,2022,Slnd,Nicholls,1,RIGHT,False
2067256,A&M-Corpus Christi,Houston Christian,972.0,Houston Christian,3pt,jumpshot,False,RIGHT,25.703,atb3,rw3,2022,A&M-Corpus Christi,2022,Slnd,Nicholls,1,RIGHT,False
2067256,A&M-Corpus Christi,Houston Christian,1218.0,Houston Christian,3pt,jumpshot,False,LEFT,23.371,c3,lc3,2022,A&M-Corpus Christi,2022,Slnd,Nicholls,2,LEFT,False
2067256,A&M-Corpus Christi,Houston Christian,1243.0,Houston Christian,3pt,jumpshot,False,LEFT,23.538,c3,lc3,2022,A&M-Corpus Christi,2022,Slnd,Nicholls,2,LEFT,False
2067256,A&M-Corpus Christi,Houston Christian,1395.0,Houston Christian,3pt,jumpshot,True,LEFT,23.003,c3,lc3,2022,A&M-Corpus Christi,2022,Slnd,Nicholls,2,LEFT,False
2067256,A&M-Corpus Christi,Houston Christian,1502.0,Houston Christian,2pt,jumpshot,False,LEFT,13.876,mid2,rb2,2022,A&M-Corpus Christi,2022,Slnd,Nicholls,2,LEFT,False
2067256,A&M-Corpus Christi,Houston Christian,1722.0,Houston Christian,3pt,jumpshot,True,LEFT,23.623,atb3,rw3,2022,A&M-Corpus Christi,2022,Slnd,Nicholls,2,LEFT,False
2067256,A&M-Corpus Christi,Houston Christian,1741.0,Houston Christian,3pt,jumpshot,False,LEFT,24.261,c3,lc3,2022,A&M-Corpus Christi,2022,Slnd,Nicholls,2,LEFT,False
2067256,A&M-Corpus Christi,Houston Christian,1773.0,Houston Christian,3pt,jumpshot,False,LEFT,23.003,c3,rc3,2022,A&M-Corpus Christi,2022,Slnd,Nicholls,2,LEFT,False
2067256,A&M-Corpus Christi,Houston Christian,1972.0,Houston Christian,3pt,jumpshot,False,LEFT,25.432,atb3,tok3,2022,A&M-Corpus Christi,2022,Slnd,Nicholls,2,LEFT,False
2067256,A&M-Corpus Christi,Houston Christian,1985.0,Houston Christian,3pt,jumpshot,False,LEFT,25.024,atb3,rw3,2022,A&M-Corpus Christi,2022,Slnd,Nicholls,2,LEFT,False
2067256,A&M-Corpus Christi,Houston Christian,2097.0,Houston Christian,3pt,jumpshot,True,LEFT,26.075,atb3,lw3,2022,A&M-Corpus Christi,2022,Slnd,Nicholls,2,LEFT,False
2067256,A&M-Corpus Christi,Houston Christian,2212.0,Houston Christian,3pt,jumpshot,True,LEFT,25.577,atb3,lw3,2022,A&M-Corpus Christi,2022,Slnd,Nicholls,2,LEFT,False
2067256,A&M-Corpus Christi,Houston Christian,2247.0,Houston Christian,3pt,jumpshot,False,LEFT,25.011,atb3,tok3,2022,A&M-Corpus Christi,2022,Slnd,Nicholls,2,LEFT,False
2067256,A&M-Corpus Christi,Houston Christian,2299.0,Houston Christian,2pt,jumpshot,True,LEFT,6.112,paint2,paint2,2022,A&M-Corpus Christi,2022,Slnd,Nicholls,2,LEFT,False
2067256,A&M-Corpus Christi,Houston Christian,2398.6,Houston Christian,3pt,jumpshot,False,LEFT,25.514,atb3,lw3,2022,A&M-Corpus Christi,2022,Slnd,Nicholls,2,LEFT,False
2192933,A&M-Corpus Christi,McNeese,377.0,McNeese,2pt,jumpshot,False,RIGHT,17.317,mid2,le2,2023,A&M-Corpus Christi,2023,Slnd,Nicholls,1,RIGHT,False
2192933,A&M-Corpus Christi,McNeese,493.0,McNeese,3pt,jumpshot,False,RIGHT,23.568,c3,lc3,2023,A&M-Corpus Christi,2023,Slnd,Nicholls,1,RIGHT,False
2192933,A&M-Corpus Christi,McNeese,785.0,McNeese,3pt,jumpshot,True,RIGHT,23.864,c3,rc3,2023,A&M-Corpus Christi,2023,Slnd,Nicholls,1,RIGHT,False
2192933,A&M-Corpus Christi,McNeese,1564.0,McNeese,3pt,jumpshot,False,LEFT,24.967,atb3,lw3,2023,A&M-Corpus Christi,2023,Slnd,Nicholls,2,LEFT,False
2192933,A&M-Corpus Christi,McNeese,1876.0,McNeese,3pt,jumpshot,True,LEFT,24.723,atb3,rw3,2023,A&M-Corpus Christi,2023,Slnd,Nicholls,2,LEFT,False
2192933,A&M-Corpus Christi,McNeese,2179.0,McNeese,3pt,jumpshot,False,LEFT,25.652,atb3,rw3,2023,A&M-Corpus Christi,2023,Slnd,Nicholls,2,LEFT,False
2195022,A&M-Corpus Christi,Lamar University,233.0,Lamar University,2pt,jumpshot,False,RIGHT,18.473,mid2,le2,2023,A&M-Corpus Christi,2023,Slnd,Nicholls,1,RIGHT,False
2195022,A&M-Corpus Christi,Lamar University,261.0,Lamar University,2pt,jumpshot,False,RIGHT,6.597,paint2,paint2,2023,A&M-Corpus Christi,2023,Slnd,Nicholls,1,RIGHT,False
2195022,A&M-Corpus Christi,Lamar University,1419.0,Lamar University,3pt,jumpshot,False,LEFT,26.161,atb3,lw3,2023,A&M-Corpus Christi,2023,Slnd,Nicholls,2,LEFT,False
2195022,A&M-Corpus Christi,Lamar University,1546.0,Lamar University,3pt,jumpshot,True,LEFT,24.531,atb3,rw3,2023,A&M-Corpus Christi,2023,Slnd,Nicholls,2,LEFT,False
2195022,A&M-Corpus Christi,Lamar University,1590.0,Lamar University,2pt,jumpshot,False,LEFT,15.719,mid2,le2,2023,A&M-Corpus Christi,2023,Slnd,Nicholls,2,LEFT,False
2195022,A&M-Corpus Christi,Lamar University,2280.0,Lamar University,3pt,jumpshot,False,LEFT,23.371,c3,rc3,2023,A&M-Corpus Christi,2023,Slnd,Nicholls,2,LEFT,False
2341470,A&M-Corpus Christi,Houston Christian,122.0,Houston Christian,2pt,jumpshot,False,RIGHT,10.776,paint2,paint2,2024,A&M-Corpus Christi,2024,Slnd,McNeese,1,RIGHT,False
2341470,A&M-Corpus Christi,Houston Christian,249.0,Houston Christian,3pt,jumpshot,False,RIGHT,23.309,atb3,lw3,2024,A&M-Corpus Christi,2024,Slnd,McNeese,1,RIGHT,False
2341470,A&M-Corpus Christi,Houston Christian,463.0,Houston Christian,3pt,jumpshot,True,RIGHT,23.583,atb3,lw3,2024,A&M-Corpus Christi,2024,Slnd,McNeese,1,RIGHT,False
2341470,A&M-Corpus Christi,Houston Christian,678.0,Houston Christian,2pt,hookshot,True,RIGHT,6.988,paint2,paint2,2024,A&M-Corpus Christi,2024,Slnd,McNeese,1,RIGHT,False
2341470,A&M-Corpus Christi,Houston Christian,801.0,Houston Christian,3pt,jumpshot,False,RIGHT,24.062,atb3,rw3,2024,A&M-Corpus Christi,2024,Slnd,McNeese,1,RIGHT,False
2341470,A&M-Corpus Christi,Houston Christian,1092.0,Houston Christian,3pt,jumpshot,False,RIGHT,24.884,atb3,tok3,2024,A&M-Corpus Christi,2024,Slnd,McNeese,1,RIGHT,False
2341470,A&M-Corpus Christi,Houston Christian,1404.0,Houston Christian,2pt,pullupjumpshot,True,LEFT,5.429,paint2,paint2,2024,A&M-Corpus Christi,2024,Slnd,McNeese,2,LEFT,False
2341470,A&M-Corpus Christi,Houston Christian,1560.0,Houston Christian,2pt,hookshot,False,LEFT,7.041,paint2,paint2,2024,A&M-Corpus Christi,2024,Slnd,McNeese,2,LEFT,False
2341470,A&M-Corpus Christi,Houston Christian,1748.0,Houston Christian,2pt,jumpshot,False,LEFT,11.459,mid2,lb2,2024,A&M-Corpus Christi,2024,Slnd,McNeese,2,LEFT,False
2341470,A&M-Corpus Christi,Houston Christian,1859.0,Houston Christian,2pt,jumpshot,False,LEFT,18.312,mid2,re2,2024,A&M-Corpus Christi,2024,Slnd,McNeese,2,LEFT,False
2341470,A&M-Corpus Christi,Houston Christian,2066.0,Houston Christian,3pt,jumpshot,True,LEFT,24.265,atb3,tok3,2024,A&M-Corpus Christi,2024,Slnd,McNeese,2,LEFT,False
2341470,A&M-Corpus Christi,Houston Christian,2101.0,Houston Christian,3pt,jumpshot,False,LEFT,24.273,atb3,lw3,2024,A&M-Corpus Christi,2024,Slnd,McNeese,2,LEFT,False
2422963,A&M-Corpus Christi,Nicholls,97.0,Nicholls,3pt,jumpshot,False,RIGHT,23.643,atb3,rw3,2024,A&M-Corpus Christi,2024,Slnd,McNeese,1,RIGHT,False
2422963,A&M-Corpus Christi,Nicholls,125.0,Nicholls,2pt,jumpshot,True,RIGHT,18.778,mid2,re2,2024,A&M-Corpus Christi,2024,Slnd,McNeese,1,RIGHT,False
2422963,A&M-Corpus Christi,Nicholls,273.0,Nicholls,3pt,jumpshot,False,RIGHT,26.456,atb3,lw3,2024,A&M-Corpus Christi,2024,Slnd,McNeese,1,RIGHT,False
2422963,A&M-Corpus Christi,Nicholls,539.0,Nicholls,2pt,jumpshot,True,RIGHT,6.97,paint2,paint2,2024,A&M-Corpus Christi,2024,Slnd,McNeese,1,RIGHT,False
2422963,A&M-Corpus Christi,Nicholls,938.0,Nicholls,3pt,jumpshot,True,RIGHT,23.108,atb3,rw3,2024,A&M-Corpus Christi,2024,Slnd,McNeese,1,RIGHT,False
2422963,A&M-Corpus Christi,Nicholls,1198.4,Nicholls,2pt,jumpshot,False,RIGHT,2.473,atr2,atr2,2024,A&M-Corpus Christi,2024,Slnd,McNeese,1,RIGHT,False
2422963,A&M-Corpus Christi,Nicholls,1522.0,Nicholls,3pt,jumpshot,False,LEFT,23.746,atb3,lw3,2024,A&M-Corpus Christi,2024,Slnd,McNeese,2,LEFT,False
2422963,A&M-Corpus Christi,Nicholls,2233.0,Nicholls,3pt,jumpshot,False,LEFT,24.809,atb3,lw3,2024,A&M-Corpus Christi,2024,Slnd,McNeese,2,LEFT,False
2422963,A&M-Corpus Christi,Nicholls,2324.0,Nicholls,3pt,jumpshot,False,LEFT,22.233,c3,lc3,2024,A&M-Corpus Christi,2024,Slnd,McNeese,2,LEFT,False
2422963,A&M-Corpus Christi,Nicholls,2633.0,Nicholls,3pt,jumpshot,True,LEFT,23.769,atb3,lw3,2024,A&M-Corpus Christi,2024,Slnd,McNeese,3,LEFT,False
2551182,A&M-Corpus Christi,New Orleans,93.0,New Orleans,3pt,jumpshot,True,RIGHT,25.161,atb3,rw3,2025,A&M-Corpus Christi,2025,Slnd,SFA,1,RIGHT,False
2551182,A&M-Corpus Christi,New Orleans,228.0,New Orleans,3pt,jumpshot,False,RIGHT,23.482,atb3,lw3,2025,A&M-Corpus Christi,2025,Slnd,SFA,1,RIGHT,False
2551182,A&M-Corpus Christi,New Orleans,306.0,New Orleans,2pt,turnaroundjumpshot,False,RIGHT,14.511,mid2,re2,2025,A&M-Corpus Christi,2025,Slnd,SFA,1,RIGHT,False
2551182,A&M-Corpus Christi,New Orleans,388.0,New Orleans,3pt,jumpshot,False,RIGHT,23.777,c3,lc3,2025,A&M-Corpus Christi,2025,Slnd,SFA,1,RIGHT,False
2551182,A&M-Corpus Christi,New Orleans,393.0,New Orleans,3pt,jumpshot,False,RIGHT,23.681,atb3,lw3,2025,A&M-Corpus Christi,2025,Slnd,SFA,1,RIGHT,False
2551182,A&M-Corpus Christi,New Orleans,432.0,New Orleans,3pt,jumpshot,False,RIGHT,24.758,atb3,lw3,2025,A&M-Corpus Christi,2025,Slnd,SFA,1,RIGHT,False
2551182,A&M-Corpus Christi,New Orleans,578.0,New Orleans,2pt,hookshot,True,RIGHT,9.345,paint2,paint2,2025,A&M-Corpus Christi,2025,Slnd,SFA,1,RIGHT,False
2551182,A&M-Corpus Christi,New Orleans,610.0,New Orleans,2pt,floatingjumpshot,True,RIGHT,4.413,atr2,atr2,2025,A&M-Corpus Christi,2025,Slnd,SFA,1,RIGHT,False
2551182,A&M-Corpus Christi,New Orleans,770.0,New Orleans,2pt,hookshot,False,RIGHT,8.864,paint2,paint2,2025,A&M-Corpus Christi,2025,Slnd,SFA,1,RIGHT,False
2551182,A&M-Corpus Christi,New Orleans,985.0,New Orleans,3pt,jumpshot,False,RIGHT,24.058,atb3,tok3,2025,A&M-Corpus Christi,2025,Slnd,SFA,1,RIGHT,False
2551182,A&M-Corpus Christi,New Orleans,1232.0,New Orleans,2pt,hookshot,True,LEFT,7.249,mid2,rb2,2025,A&M-Corpus Christi,2025,Slnd,SFA,2,LEFT,False
2551182,A&M-Corpus Christi,New Orleans,1426.0,New Orleans,2pt,pullupjumpshot,False,LEFT,12.965,mid2,re2,2025,A&M-Corpus Christi,2025,Slnd,SFA,2,LEFT,False
2551182,A&M-Corpus Christi,New Orleans,1792.0,New Orleans,3pt,jumpshot,False,LEFT,23.744,atb3,rw3,2025,A&M-Corpus Christi,2025,Slnd,SFA,2,LEFT,False
2551182,A&M-Corpus Christi,New Orleans,2065.0,New Orleans,3pt,jumpshot,False,LEFT,24.174,atb3,tok3,2025,A&M-Corpus Christi,2025,Slnd,SFA,2,LEFT,False
2348648,A&M-Corpus Christi,UIW,265.0,UIW,3pt,pullupjumpshot,True,RIGHT,24.985,atb3,lw3,2024,A&M-Corpus Christi,2024,Slnd,McNeese,1,RIGHT,False
2348648,A&M-Corpus Christi,UIW,483.0,UIW,2pt,hookshot,False,RIGHT,9.841,paint2,paint2,2024,A&M-Corpus Christi,2024,Slnd,McNeese,1,RIGHT,False
2348648,A&M-Corpus Christi,UIW,544.0,UIW,3pt,jumpshot,True,RIGHT,23.777,c3,rc3,2024,A&M-Corpus Christi,2024,Slnd,McNeese,1,RIGHT,False
2348648,A&M-Corpus Christi,UIW,761.0,UIW,2pt,jumpshot,False,RIGHT,11.766,paint2,paint2,2024,A&M-Corpus Christi,2024,Slnd,McNeese,1,RIGHT,False
2348648,A&M-Corpus Christi,UIW,813.0,UIW,2pt,turnaroundjumpshot,False,RIGHT,10.692,paint2,paint2,2024,A&M-Corpus Christi,2024,Slnd,McNeese,1,RIGHT,False
2348648,A&M-Corpus Christi,UIW,843.0,UIW,2pt,pullupjumpshot,True,RIGHT,19.731,mid2,le2,2024,A&M-Corpus Christi,2024,Slnd,McNeese,1,RIGHT,False
2348648,A&M-Corpus Christi,UIW,886.0,UIW,3pt,jumpshot,False,RIGHT,23.864,c3,lc3,2024,A&M-Corpus Christi,2024,Slnd,McNeese,1,RIGHT,False
2348648,A&M-Corpus Christi,UIW,989.0,UIW,3pt,stepbackjumpshot,False,RIGHT,23.112,c3,lc3,2024,A&M-Corpus Christi,2024,Slnd,McNeese,1,RIGHT,False
2348648,A&M-Corpus Christi,UIW,1032.0,UIW,3pt,jumpshot,False,RIGHT,25.529,atb3,tok3,2024,A&M-Corpus Christi,2024,Slnd,McNeese,1,RIGHT,False
2348648,A&M-Corpus Christi,UIW,1098.0,UIW,2pt,pullupjumpshot,False,RIGHT,13.689,mid2,le2,2024,A&M-Corpus Christi,2024,Slnd,McNeese,1,RIGHT,False
2348648,A&M-Corpus Christi,UIW,1199.8,UIW,3pt,jumpshot,False,RIGHT,24.331,atb3,rw3,2024,A&M-Corpus Christi,2024,Slnd,McNeese,1,RIGHT,False
2348648,A&M-Corpus Christi,UIW,1469.0,UIW,2pt,jumpshot,False,LEFT,13.878,mid2,rb2,2024,A&M-Corpus Christi,2024,Slnd,McNeese,2,LEFT,False
2348648,A&M-Corpus Christi,UIW,1487.0,UIW,2pt,hookshot,True,LEFT,9.073,paint2,paint2,2024,A&M-Corpus Christi,2024,Slnd,McNeese,2,LEFT,False
2348648,A&M-Corpus Christi,UIW,1519.0,UIW,3pt,jumpshot,False,LEFT,23.864,c3,rc3,2024,A&M-Corpus Christi,2024,Slnd,McNeese,2,LEFT,False
2348648,A&M-Corpus Christi,UIW,1576.0,UIW,3pt,pullupjumpshot,False,LEFT,25.357,atb3,tok3,2024,A&M-Corpus Christi,2024,Slnd,McNeese,2,LEFT,False
2348648,A&M-Corpus Christi,UIW,1652.0,UIW,2pt,turnaroundjumpshot,False,LEFT,14.183,mid2,rb2,2024,A&M-Corpus Christi,2024,Slnd,McNeese,2,LEFT,False
2348648,A&M-Corpus Christi,UIW,1750.0,UIW,3pt,jumpshot,True,LEFT,24.178,atb3,rw3,2024,A&M-Corpus Christi,2024,Slnd,McNeese,2,LEFT,False
2348648,A&M-Corpus Christi,UIW,1955.0,UIW,3pt,jumpshot,False,LEFT,24.866,atb3,rw3,2024,A&M-Corpus Christi,2024,Slnd,McNeese,2,LEFT,False
2348648,A&M-Corpus Christi,UIW,1987.0,UIW,2pt,jumpshot,False,LEFT,11.451,paint2,paint2,2024,A&M-Corpus Christi,2024,Slnd,McNeese,2,LEFT,False
2348648,A&M-Corpus Christi,UIW,2126.0,UIW,2pt,turnaroundjumpshot,False,LEFT,13.961,mid2,lb2,2024,A&M-Corpus Christi,2024,Slnd,McNeese,2,LEFT,False
2348648,A&M-Corpus Christi,UIW,2208.0,UIW,2pt,turnaroundjumpshot,False,LEFT,7.13,paint2,paint2,2024,A&M-Corpus Christi,2024,Slnd,McNeese,2,LEFT,False
1784268,A&M-Corpus Christi,SFA,46.0,SFA,3pt,jumpshot,False,RIGHT,23.007,c3,lc3,2021,A&M-Corpus Christi,2021,Slnd,New Orleans,1,RIGHT,False
1784268,A&M-Corpus Christi,SFA,87.0,SFA,3pt,jumpshot,True,RIGHT,24.322,c3,lc3,2021,A&M-Corpus Christi,2021,Slnd,New Orleans,1,RIGHT,False
1784268,A&M-Corpus Christi,SFA,272.0,SFA,2pt,jumpshot,False,RIGHT,16.092,mid2,le2,2021,A&M-Corpus Christi,2021,Slnd,New Orleans,1,RIGHT,False
1784268,A&M-Corpus Christi,SFA,294.0,SFA,3pt,jumpshot,False,RIGHT,23.294,c3,lc3,2021,A&M-Corpus Christi,2021,Slnd,New Orleans,1,RIGHT,False
1784268,A&M-Corpus Christi,SFA,300.0,SFA,2pt,jumpshot,False,RIGHT,2.402,atr2,atr2,2021,A&M-Corpus Christi,2021,Slnd,New Orleans,1,RIGHT,False
1784268,A&M-Corpus Christi,SFA,391.0,SFA,2pt,jumpshot,True,RIGHT,17.269,mid2,le2,2021,A&M-Corpus Christi,2021,Slnd,New Orleans,1,RIGHT,False
1784268,A&M-Corpus Christi,SFA,550.0,SFA,3pt,jumpshot,False,RIGHT,23.625,c3,rc3,2021,A&M-Corpus Christi,2021,Slnd,New Orleans,1,RIGHT,False
1784268,A&M-Corpus Christi,SFA,756.0,SFA,3pt,jumpshot,False,RIGHT,24.357,atb3,lw3,2021,A&M-Corpus Christi,2021,Slnd,New Orleans,1,RIGHT,False
1784268,A&M-Corpus Christi,SFA,816.0,SFA,2pt,jumpshot,True,RIGHT,13.587,paint2,paint2,2021,A&M-Corpus Christi,2021,Slnd,New Orleans,1,RIGHT,False
1784268,A&M-Corpus Christi,SFA,893.0,SFA,3pt,jumpshot,False,RIGHT,24.158,atb3,rw3,2021,A&M-Corpus Christi,2021,Slnd,New Orleans,1,RIGHT,False
1784268,A&M-Corpus Christi,SFA,980.0,SFA,3pt,jumpshot,True,RIGHT,23.003,c3,lc3,2021,A&M-Corpus Christi,2021,Slnd,New Orleans,1,RIGHT,False
1784268,A&M-Corpus Christi,SFA,1482.0,SFA,2pt,floatingjumpshot,True,LEFT,5.95,paint2,paint2,2021,A&M-Corpus Christi,2021,Slnd,New Orleans,2,LEFT,False
1784268,A&M-Corpus Christi,SFA,1526.0,SFA,3pt,jumpshot,False,LEFT,24.835,atb3,tok3,2021,A&M-Corpus Christi,2021,Slnd,New Orleans,2,LEFT,False
1784268,A&M-Corpus Christi,SFA,1726.0,SFA,2pt,jumpshot,False,LEFT,18.672,mid2,re2,2021,A&M-Corpus Christi,2021,Slnd,New Orleans,2,LEFT,False
1784268,A&M-Corpus Christi,SFA,1825.0,SFA,2pt,jumpshot,True,LEFT,8.864,paint2,paint2,2021,A&M-Corpus Christi,2021,Slnd,New Orleans,2,LEFT,False
1793998,A&M-Corpus Christi,UIW,45.0,UIW,3pt,jumpshot,True,RIGHT,24.223,atb3,tok3,2021,A&M-Corpus Christi,2021,Slnd,New Orleans,1,RIGHT,False
1793998,A&M-Corpus Christi,UIW,870.0,UIW,2pt,jumpshot,False,RIGHT,19.197,mid2,re2,2021,A&M-Corpus Christi,2021,Slnd,New Orleans,1,RIGHT,False
1793998,A&M-Corpus Christi,UIW,978.0,UIW,3pt,jumpshot,True,RIGHT,24.697,atb3,rw3,2021,A&M-Corpus Christi,2021,Slnd,New Orleans,1,RIGHT,False
1793998,A&M-Corpus Christi,UIW,1170.6,UIW,2pt,jumpshot,False,RIGHT,16.384,mid2,le2,2021,A&M-Corpus Christi,2021,Slnd,New Orleans,1,RIGHT,False
1793998,A&M-Corpus Christi,UIW,1197.0,UIW,2pt,jumpshot,False,RIGHT,8.316,mid2,rb2,2021,A&M-Corpus Christi,2021,Slnd,New Orleans,1,RIGHT,False
1793998,A&M-Corpus Christi,UIW,1732.0,UIW,3pt,jumpshot,False,LEFT,23.85,c3,lc3,2021,A&M-Corpus Christi,2021,Slnd,New Orleans,2,LEFT,False
1793998,A&M-Corpus Christi,UIW,1964.0,UIW,2pt,hookshot,True,LEFT,8.864,paint2,paint2,2021,A&M-Corpus Christi,2021,Slnd,New Orleans,2,LEFT,False
1793998,A&M-Corpus Christi,UIW,2014.0,UIW,2pt,jumpshot,True,LEFT,16.739,mid2,le2,2021,A&M-Corpus Christi,2021,Slnd,New Orleans,2,LEFT,False
2192933,A&M-Corpus Christi,McNeese,198.0,McNeese,2pt,jumpshot,False,RIGHT,13.39,mid2,lb2,2023,A&M-Corpus Christi,2023,Slnd,Nicholls,1,RIGHT,False
2192933,A&M-Corpus Christi,McNeese,555.0,McNeese,3pt,jumpshot,False,RIGHT,23.538,c3,rc3,2023,A&M-Corpus Christi,2023,Slnd,Nicholls,1,RIGHT,False
2192933,A&M-Corpus Christi,McNeese,1248.0,McNeese,3pt,jumpshot,True,LEFT,24.322,c3,rc3,2023,A&M-Corpus Christi,2023,Slnd,Nicholls,2,LEFT,False
2348585,A&M-Corpus Christi,New Orleans,96.0,New Orleans,3pt,jumpshot,False,RIGHT,23.112,c3,rc3,2024,A&M-Corpus Christi,2024,Slnd,McNeese,1,RIGHT,False
2348585,A&M-Corpus Christi,New Orleans,131.0,New Orleans,2pt,hookshot,False,RIGHT,4.069,atr2,atr2,2024,A&M-Corpus Christi,2024,Slnd,McNeese,1,RIGHT,False
2348585,A&M-Corpus Christi,New Orleans,218.0,New Orleans,3pt,pullupjumpshot,False,RIGHT,23.164,atb3,lw3,2024,A&M-Corpus Christi,2024,Slnd,McNeese,1,RIGHT,False
2348585,A&M-Corpus Christi,New Orleans,270.0,New Orleans,2pt,pullupjumpshot,False,RIGHT,15.487,mid2,re2,2024,A&M-Corpus Christi,2024,Slnd,McNeese,1,RIGHT,False
2348585,A&M-Corpus Christi,New Orleans,368.0,New Orleans,2pt,jumpshot,False,RIGHT,10.834,paint2,paint2,2024,A&M-Corpus Christi,2024,Slnd,McNeese,1,RIGHT,False
2348585,A&M-Corpus Christi,New Orleans,388.0,New Orleans,2pt,floatingjumpshot,True,RIGHT,9.345,paint2,paint2,2024,A&M-Corpus Christi,2024,Slnd,McNeese,1,RIGHT,False
2348585,A&M-Corpus Christi,New Orleans,424.0,New Orleans,2pt,jumpshot,True,RIGHT,18.583,mid2,le2,2024,A&M-Corpus Christi,2024,Slnd,McNeese,1,RIGHT,False
2348585,A&M-Corpus Christi,New Orleans,479.0,New Orleans,3pt,jumpshot,False,RIGHT,23.473,atb3,tok3,2024,A&M-Corpus Christi,2024,Slnd,McNeese,1,RIGHT,False
2348585,A&M-Corpus Christi,New Orleans,762.0,New Orleans,2pt,stepbackjumpshot,False,RIGHT,20.627,mid2,le2,2024,A&M-Corpus Christi,2024,Slnd,McNeese,1,RIGHT,False
2348585,A&M-Corpus Christi,New Orleans,767.0,New Orleans,2pt,jumpshot,False,RIGHT,16.492,mid2,re2,2024,A&M-Corpus Christi,2024,Slnd,McNeese,1,RIGHT,False
2348585,A&M-Corpus Christi,New Orleans,975.0,New Orleans,2pt,pullupjumpshot,False,RIGHT,15.788,mid2,le2,2024,A&M-Corpus Christi,2024,Slnd,McNeese,1,RIGHT,False
2348585,A&M-Corpus Christi,New Orleans,1048.0,New Orleans,3pt,jumpshot,True,RIGHT,24.838,atb3,rw3,2024,A&M-Corpus Christi,2024,Slnd,McNeese,1,RIGHT,False
2348585,A&M-Corpus Christi,New Orleans,1129.0,New Orleans,2pt,jumpshot,False,RIGHT,12.696,paint2,paint2,2024,A&M-Corpus Christi,2024,Slnd,McNeese,1,RIGHT,False
2348585,A&M-Corpus Christi,New Orleans,1134.0,New Orleans,3pt,jumpshot,True,RIGHT,23.803,atb3,lw3,2024,A&M-Corpus Christi,2024,Slnd,McNeese,1,RIGHT,False
2348585,A&M-Corpus Christi,New Orleans,1194.6,New Orleans,3pt,jumpshot,False,RIGHT,23.215,atb3,rw3,2024,A&M-Corpus Christi,2024,Slnd,McNeese,1,RIGHT,False
2348585,A&M-Corpus Christi,New Orleans,1404.0,New Orleans,2pt,floatingjumpshot,False,LEFT,10.018,mid2,rb2,2024,A&M-Corpus Christi,2024,Slnd,McNeese,2,LEFT,False
2348585,A&M-Corpus Christi,New Orleans,1633.0,New Orleans,3pt,stepbackjumpshot,False,LEFT,25.064,atb3,lw3,2024,A&M-Corpus Christi,2024,Slnd,McNeese,2,LEFT,False
2348585,A&M-Corpus Christi,New Orleans,1678.0,New Orleans,3pt,jumpshot,True,LEFT,24.838,atb3,lw3,2024,A&M-Corpus Christi,2024,Slnd,McNeese,2,LEFT,False
2348585,A&M-Corpus Christi,New Orleans,1934.0,New Orleans,3pt,jumpshot,False,LEFT,23.835,atb3,tok3,2024,A&M-Corpus Christi,2024,Slnd,McNeese,2,LEFT,False
2348585,A&M-Corpus Christi,New Orleans,2224.0,New Orleans,2pt,jumpshot,False,LEFT,10.397,paint2,paint2,2024,A&M-Corpus Christi,2024,Slnd,McNeese,2,LEFT,False
2348585,A&M-Corpus Christi,New Orleans,2228.0,New Orleans,3pt,jumpshot,True,LEFT,25.346,atb3,lw3,2024,A&M-Corpus Christi,2024,Slnd,McNeese,2,LEFT,False
1786335,A&M-Corpus Christi,Sam Houston,29.0,Sam Houston,3pt,jumpshot,False,RIGHT,24.147,atb3,rw3,2021,A&M-Corpus Christi,2021,Slnd,New Orleans,1,RIGHT,False
1786335,A&M-Corpus Christi,Sam Houston,163.0,Sam Houston,3pt,jumpshot,True,RIGHT,23.362,atb3,lw3,2021,A&M-Corpus Christi,2021,Slnd,New Orleans,1,RIGHT,False
1786335,A&M-Corpus Christi,Sam Houston,189.0,Sam Houston,3pt,jumpshot,True,RIGHT,23.568,c3,lc3,2021,A&M-Corpus Christi,2021,Slnd,New Orleans,1,RIGHT,False
1786335,A&M-Corpus Christi,Sam Houston,351.0,Sam Houston,3pt,jumpshot,False,RIGHT,25.08,atb3,rw3,2021,A&M-Corpus Christi,2021,Slnd,New Orleans,1,RIGHT,False
1786335,A&M-Corpus Christi,Sam Houston,634.0,Sam Houston,3pt,jumpshot,False,RIGHT,22.888,atb3,tok3,2021,A&M-Corpus Christi,2021,Slnd,New Orleans,1,RIGHT,False
1786335,A&M-Corpus Christi,Sam Houston,823.0,Sam Houston,2pt,jumpshot,False,RIGHT,17.052,mid2,rb2,2021,A&M-Corpus Christi,2021,Slnd,New Orleans,1,RIGHT,False
1786335,A&M-Corpus Christi,Sam Houston,914.0,Sam Houston,2pt,jumpshot,False,RIGHT,5.752,paint2,paint2,2021,A&M-Corpus Christi,2021,Slnd,New Orleans,1,RIGHT,False
1786335,A&M-Corpus Christi,Sam Houston,942.0,Sam Houston,3pt,jumpshot,False,RIGHT,23.625,c3,rc3,2021,A&M-Corpus Christi,2021,Slnd,New Orleans,1,RIGHT,False
1786335,A&M-Corpus Christi,Sam Houston,950.0,Sam Houston,2pt,jumpshot,True,RIGHT,12.84,paint2,paint2,2021,A&M-Corpus Christi,2021,Slnd,New Orleans,1,RIGHT,False
1786335,A&M-Corpus Christi,Sam Houston,1074.0,Sam Houston,3pt,jumpshot,False,RIGHT,24.937,atb3,rw3,2021,A&M-Corpus Christi,2021,Slnd,New Orleans,1,RIGHT,False
1786335,A&M-Corpus Christi,Sam Houston,1080.0,Sam Houston,2pt,jumpshot,False,RIGHT,7.359,mid2,rb2,2021,A&M-Corpus Christi,2021,Slnd,New Orleans,1,RIGHT,False
1786335,A&M-Corpus Christi,Sam Houston,1134.0,Sam Houston,3pt,jumpshot,False,RIGHT,24.578,atb3,rw3,2021,A&M-Corpus Christi,2021,Slnd,New Orleans,1,RIGHT,False
1786335,A&M-Corpus Christi,Sam Houston,1410.0,Sam Houston,3pt,jumpshot,False,LEFT,24.467,atb3,tok3,2021,A&M-Corpus Christi,2021,Slnd,New Orleans,2,LEFT,False
1786335,A&M-Corpus Christi,Sam Houston,1450.0,Sam Houston,2pt,jumpshot,False,LEFT,20.528,mid2,re2,2021,A&M-Corpus Christi,2021,Slnd,New Orleans,2,LEFT,False
1786335,A&M-Corpus Christi,Sam Houston,1587.0,Sam Houston,3pt,jumpshot,False,LEFT,23.284,atb3,lw3,2021,A&M-Corpus Christi,2021,Slnd,New Orleans,2,LEFT,False
1786335,A&M-Corpus Christi,Sam Houston,1739.0,Sam Houston,2pt,jumpshot,False,LEFT,14.602,mid2,rb2,2021,A&M-Corpus Christi,2021,Slnd,New Orleans,2,LEFT,False
1786335,A&M-Corpus Christi,Sam Houston,1772.0,Sam Houston,3pt,jumpshot,False,LEFT,23.503,c3,lc3,2021,A&M-Corpus Christi,2021,Slnd,New Orleans,2,LEFT,False
1786335,A&M-Corpus Christi,Sam Houston,1826.0,Sam Houston,2pt,jumpshot,False,LEFT,16.944,mid2,re2,2021,A&M-Corpus Christi,2021,Slnd,New Orleans,2,LEFT,False
1786335,A&M-Corpus Christi,Sam Houston,1869.0,Sam Houston,3pt,jumpshot,False,LEFT,23.777,c3,lc3,2021,A&M-Corpus Christi,2021,Slnd,New Orleans,2,LEFT,False
1786335,A&M-Corpus Christi,Sam Houston,2060.0,Sam Houston,2pt,jumpshot,False,LEFT,5.752,paint2,paint2,2021,A&M-Corpus Christi,2021,Slnd,New Orleans,2,LEFT,False
1786335,A&M-Corpus Christi,Sam Houston,2086.0,Sam Houston,3pt,jumpshot,False,LEFT,25.636,atb3,lw3,2021,A&M-Corpus Christi,2021,Slnd,New Orleans,2,LEFT,False
2192933,A&M-Corpus Christi,McNeese,334.0,McNeese,3pt,jumpshot,True,RIGHT,24.291,atb3,rw3,2023,A&M-Corpus Christi,2023,Slnd,Nicholls,1,RIGHT,False
2192933,A&M-Corpus Christi,McNeese,745.0,McNeese,2pt,jumpshot,False,RIGHT,15.829,mid2,lb2,2023,A&M-Corpus Christi,2023,Slnd,Nicholls,1,RIGHT,False
2192933,A&M-Corpus Christi,McNeese,960.0,McNeese,2pt,jumpshot,True,RIGHT,14.149,mid2,re2,2023,A&M-Corpus Christi,2023,Slnd,Nicholls,1,RIGHT,False
2192933,A&M-Corpus Christi,McNeese,1037.0,McNeese,3pt,jumpshot,True,RIGHT,23.003,c3,lc3,2023,A&M-Corpus Christi,2023,Slnd,Nicholls,1,RIGHT,False
2192933,A&M-Corpus Christi,McNeese,1754.0,McNeese,2pt,jumpshot,False,LEFT,17.845,mid2,re2,2023,A&M-Corpus Christi,2023,Slnd,Nicholls,2,LEFT,False
2192933,A&M-Corpus Christi,McNeese,1899.0,McNeese,3pt,jumpshot,False,LEFT,24.382,atb3,tok3,2023,A&M-Corpus Christi,2023,Slnd,Nicholls,2,LEFT,False
2192933,A&M-Corpus Christi,McNeese,2142.0,McNeese,3pt,jumpshot,False,LEFT,25.809,atb3,lw3,2023,A&M-Corpus Christi,2023,Slnd,Nicholls,2,LEFT,False
2196471,A&M-Corpus Christi,East Texas A&M,672.0,East Texas A&M,2pt,jumpshot,True,RIGHT,9.358,paint2,paint2,2023,A&M-Corpus Christi,2023,Slnd,Nicholls,1,RIGHT,False
2196471,A&M-Corpus Christi,East Texas A&M,1225.0,East Texas A&M,2pt,jumpshot,True,LEFT,5.306,paint2,paint2,2023,A&M-Corpus Christi,2023,Slnd,Nicholls,2,LEFT,False
2196471,A&M-Corpus Christi,East Texas A&M,1263.0,East Texas A&M,2pt,jumpshot,True,LEFT,14.063,mid2,rb2,2023,A&M-Corpus Christi,2023,Slnd,Nicholls,2,LEFT,False
2196471,A&M-Corpus Christi,East Texas A&M,1342.0,East Texas A&M,3pt,jumpshot,True,LEFT,24.403,atb3,lw3,2023,A&M-Corpus Christi,2023,Slnd,Nicholls,2,LEFT,False
2196471,A&M-Corpus Christi,East Texas A&M,1398.0,East Texas A&M,2pt,jumpshot,True,LEFT,4.607,paint2,paint2,2023,A&M-Corpus Christi,2023,Slnd,Nicholls,2,LEFT,False
2196471,A&M-Corpus Christi,East Texas A&M,1448.0,East Texas A&M,2pt,jumpshot,True,LEFT,5.306,paint2,paint2,2023,A&M-Corpus Christi,2023,Slnd,Nicholls,2,LEFT,False
2196471,A&M-Corpus Christi,East Texas A&M,1609.0,East Texas A&M,3pt,jumpshot,False,LEFT,24.906,atb3,tok3,2023,A&M-Corpus Christi,2023,Slnd,Nicholls,2,LEFT,False
2196471,A&M-Corpus Christi,East Texas A&M,1750.0,East Texas A&M,3pt,jumpshot,True,LEFT,26.229,atb3,lw3,2023,A&M-Corpus Christi,2023,Slnd,Nicholls,2,LEFT,False
2196471,A&M-Corpus Christi,East Texas A&M,1780.0,East Texas A&M,3pt,jumpshot,False,LEFT,24.009,c3,lc3,2023,A&M-Corpus Christi,2023,Slnd,Nicholls,2,LEFT,False
2196471,A&M-Corpus Christi,East Texas A&M,2030.0,East Texas A&M,2pt,jumpshot,True,LEFT,4.18,atr2,atr2,2023,A&M-Corpus Christi,2023,Slnd,Nicholls,2,LEFT,False
2196471,A&M-Corpus Christi,East Texas A&M,2141.0,East Texas A&M,3pt,jumpshot,False,LEFT,24.078,atb3,rw3,2023,A&M-Corpus Christi,2023,Slnd,Nicholls,2,LEFT,False
2196471,A&M-Corpus Christi,East Texas A&M,2183.0,East Texas A&M,2pt,jumpshot,True,LEFT,7.524,paint2,paint2,2023,A&M-Corpus Christi,2023,Slnd,Nicholls,2,LEFT,False
1780204,A&M-Corpus Christi,Southeastern La.,20.0,Southeastern La.,3pt,jumpshot,False,RIGHT,25.328,atb3,tok3,2021,A&M-Corpus Christi,2021,Slnd,New Orleans,1,RIGHT,False
1780204,A&M-Corpus Christi,Southeastern La.,60.0,Southeastern La.,3pt,jumpshot,True,RIGHT,25.024,atb3,rw3,2021,A&M-Corpus Christi,2021,Slnd,New Orleans,1,RIGHT,False
1780204,A&M-Corpus Christi,Southeastern La.,161.0,Southeastern La.,3pt,jumpshot,False,RIGHT,23.003,c3,rc3,2021,A&M-Corpus Christi,2021,Slnd,New Orleans,1,RIGHT,False
1780204,A&M-Corpus Christi,Southeastern La.,236.0,Southeastern La.,3pt,jumpshot,True,RIGHT,23.864,c3,rc3,2021,A&M-Corpus Christi,2021,Slnd,New Orleans,1,RIGHT,False
1780204,A&M-Corpus Christi,Southeastern La.,285.0,Southeastern La.,3pt,jumpshot,True,RIGHT,25.034,atb3,tok3,2021,A&M-Corpus Christi,2021,Slnd,New Orleans,1,RIGHT,False
1780204,A&M-Corpus Christi,Southeastern La.,614.0,Southeastern La.,3pt,jumpshot,False,RIGHT,26.087,atb3,tok3,2021,A&M-Corpus Christi,2021,Slnd,New Orleans,1,RIGHT,False
1780204,A&M-Corpus Christi,Southeastern La.,715.0,Southeastern La.,3pt,jumpshot,False,RIGHT,24.615,atb3,rw3,2021,A&M-Corpus Christi,2021,Slnd,New Orleans,1,RIGHT,False
1780204,A&M-Corpus Christi,Southeastern La.,857.0,Southeastern La.,3pt,jumpshot,False,RIGHT,24.839,atb3,tok3,2021,A&M-Corpus Christi,2021,Slnd,New Orleans,1,RIGHT,False
1780204,A&M-Corpus Christi,Southeastern La.,981.0,Southeastern La.,3pt,jumpshot,False,RIGHT,25.234,atb3,tok3,2021,A&M-Corpus Christi,2021,Slnd,New Orleans,1,RIGHT,False
1780204,A&M-Corpus Christi,Southeastern La.,1058.0,Southeastern La.,2pt,jumpshot,True,RIGHT,10.834,paint2,paint2,2021,A&M-Corpus Christi,2021,Slnd,New Orleans,1,RIGHT,False
1780204,A&M-Corpus Christi,Southeastern La.,1199.7,Southeastern La.,3pt,jumpshot,False,RIGHT,24.697,atb3,lw3,2021,A&M-Corpus Christi,2021,Slnd,New Orleans,1,RIGHT,False
1780204,A&M-Corpus Christi,Southeastern La.,1289.0,Southeastern La.,3pt,jumpshot,True,LEFT,24.839,atb3,tok3,2021,A&M-Corpus Christi,2021,Slnd,New Orleans,2,LEFT,False
1780204,A&M-Corpus Christi,Southeastern La.,1397.0,Southeastern La.,3pt,jumpshot,False,LEFT,23.89,atb3,tok3,2021,A&M-Corpus Christi,2021,Slnd,New Orleans,2,LEFT,False
1780204,A&M-Corpus Christi,Southeastern La.,1510.0,Southeastern La.,3pt,jumpshot,False,LEFT,25.285,atb3,rw3,2021,A&M-Corpus Christi,2021,Slnd,New Orleans,2,LEFT,False
1780204,A&M-Corpus Christi,Southeastern La.,1655.0,Southeastern La.,2pt,jumpshot,True,LEFT,17.49,mid2,re2,2021,A&M-Corpus Christi,2021,Slnd,New Orleans,2,LEFT,False
1780204,A&M-Corpus Christi,Southeastern La.,1700.0,Southeastern La.,3pt,jumpshot,False,LEFT,25.104,atb3,lw3,2021,A&M-Corpus Christi,2021,Slnd,New Orleans,2,LEFT,False
1780204,A&M-Corpus Christi,Southeastern La.,2207.0,Southeastern La.,2pt,jumpshot,True,LEFT,8.864,paint2,paint2,2021,A&M-Corpus Christi,2021,Slnd,New Orleans,2,LEFT,False
1780204,A&M-Corpus Christi,Southeastern La.,2350.1,Southeastern La.,3pt,jumpshot,True,LEFT,24.866,atb3,lw3,2021,A&M-Corpus Christi,2021,Slnd,New Orleans,2,LEFT,False
2192566,A&M-Corpus Christi,Nicholls,22.0,Nicholls,2pt,jumpshot,False,RIGHT,13.497,mid2,rb2,2023,A&M-Corpus Christi,2023,Slnd,Nicholls,1,RIGHT,False
2192566,A&M-Corpus Christi,Nicholls,255.0,Nicholls,3pt,jumpshot,False,RIGHT,24.331,atb3,rw3,2023,A&M-Corpus Christi,2023,Slnd,Nicholls,1,RIGHT,False
2192566,A&M-Corpus Christi,Nicholls,399.0,Nicholls,3pt,jumpshot,True,RIGHT,23.003,c3,rc3,2023,A&M-Corpus Christi,2023,Slnd,Nicholls,1,RIGHT,False
2192566,A&M-Corpus Christi,Nicholls,785.0,Nicholls,2pt,jumpshot,False,RIGHT,20.627,mid2,re2,2023,A&M-Corpus Christi,2023,Slnd,Nicholls,1,RIGHT,False
2192566,A&M-Corpus Christi,Nicholls,798.0,Nicholls,2pt,jumpshot,True,RIGHT,6.861,paint2,paint2,2023,A&M-Corpus Christi,2023,Slnd,Nicholls,1,RIGHT,False
2192566,A&M-Corpus Christi,Nicholls,819.0,Nicholls,3pt,jumpshot,False,RIGHT,24.697,atb3,lw3,2023,A&M-Corpus Christi,2023,Slnd,Nicholls,1,RIGHT,False
2192566,A&M-Corpus Christi,Nicholls,1271.0,Nicholls,3pt,jumpshot,True,LEFT,23.223,c3,rc3,2023,A&M-Corpus Christi,2023,Slnd,Nicholls,2,LEFT,False
2192566,A&M-Corpus Christi,Nicholls,1677.0,Nicholls,2pt,jumpshot,True,LEFT,9.451,paint2,paint2,2023,A&M-Corpus Christi,2023,Slnd,Nicholls,2,LEFT,False
2192566,A&M-Corpus Christi,Nicholls,2324.0,Nicholls,3pt,jumpshot,False,LEFT,27.938,atb3,tok3,2023,A&M-Corpus Christi,2023,Slnd,Nicholls,2,LEFT,False
2343012,A&M-Corpus Christi,Nicholls,599.0,Nicholls,3pt,jumpshot,True,RIGHT,24.262,atb3,lw3,2024,A&M-Corpus Christi,2024,Slnd,McNeese,1,RIGHT,False
2343012,A&M-Corpus Christi,Nicholls,1350.0,Nicholls,3pt,jumpshot,False,LEFT,25.101,atb3,rw3,2024,A&M-Corpus Christi,2024,Slnd,McNeese,2,LEFT,False
2343012,A&M-Corpus Christi,Nicholls,1424.0,Nicholls,3pt,jumpshot,False,LEFT,24.033,c3,rc3,2024,A&M-Corpus Christi,2024,Slnd,McNeese,2,LEFT,False
2343012,A&M-Corpus Christi,Nicholls,2119.0,Nicholls,3pt,jumpshot,False,LEFT,23.852,atb3,rw3,2024,A&M-Corpus Christi,2024,Slnd,McNeese,2,LEFT,False
1790794,A&M-Corpus Christi,New Orleans,30.0,New Orleans,2pt,jumpshot,False,RIGHT,18.192,mid2,le2,2021,A&M-Corpus Christi,2021,Slnd,New Orleans,1,RIGHT,False
1790794,A&M-Corpus Christi,New Orleans,186.0,New Orleans,2pt,jumpshot,True,RIGHT,17.49,mid2,le2,2021,A&M-Corpus Christi,2021,Slnd,New Orleans,1,RIGHT,False
1790794,A&M-Corpus Christi,New Orleans,316.0,New Orleans,3pt,jumpshot,True,RIGHT,23.875,atb3,tok3,2021,A&M-Corpus Christi,2021,Slnd,New Orleans,1,RIGHT,False
1790794,A&M-Corpus Christi,New Orleans,365.0,New Orleans,2pt,jumpshot,False,RIGHT,6.409,paint2,paint2,2021,A&M-Corpus Christi,2021,Slnd,New Orleans,1,RIGHT,False
1790794,A&M-Corpus Christi,New Orleans,377.0,New Orleans,2pt,jumpshot,False,RIGHT,16.852,mid2,re2,2021,A&M-Corpus Christi,2021,Slnd,New Orleans,1,RIGHT,False
1790794,A&M-Corpus Christi,New Orleans,417.0,New Orleans,2pt,jumpshot,False,RIGHT,13.732,mid2,re2,2021,A&M-Corpus Christi,2021,Slnd,New Orleans,1,RIGHT,False
1790794,A&M-Corpus Christi,New Orleans,422.0,New Orleans,3pt,jumpshot,True,RIGHT,23.346,atb3,tok3,2021,A&M-Corpus Christi,2021,Slnd,New Orleans,1,RIGHT,False
1790794,A&M-Corpus Christi,New Orleans,551.0,New Orleans,2pt,jumpshot,False,RIGHT,17.156,mid2,le2,2021,A&M-Corpus Christi,2021,Slnd,New Orleans,1,RIGHT,False
1790794,A&M-Corpus Christi,New Orleans,638.0,New Orleans,3pt,jumpshot,True,RIGHT,23.5,atb3,lw3,2021,A&M-Corpus Christi,2021,Slnd,New Orleans,1,RIGHT,False
1790794,A&M-Corpus Christi,New Orleans,742.0,New Orleans,3pt,jumpshot,False,RIGHT,25.706,atb3,tok3,2021,A&M-Corpus Christi,2021,Slnd,New Orleans,1,RIGHT,False
1790794,A&M-Corpus Christi,New Orleans,847.0,New Orleans,2pt,jumpshot,False,RIGHT,14.505,mid2,lb2,2021,A&M-Corpus Christi,2021,Slnd,New Orleans,1,RIGHT,False
1790794,A&M-Corpus Christi,New Orleans,1277.0,New Orleans,2pt,jumpshot,False,LEFT,16.005,mid2,rb2,2021,A&M-Corpus Christi,2021,Slnd,New Orleans,2,LEFT,False
1790794,A&M-Corpus Christi,New Orleans,1307.0,New Orleans,3pt,jumpshot,True,LEFT,23.371,c3,rc3,2021,A&M-Corpus Christi,2021,Slnd,New Orleans,2,LEFT,False
1790794,A&M-Corpus Christi,New Orleans,1373.0,New Orleans,2pt,jumpshot,False,LEFT,15.492,mid2,le2,2021,A&M-Corpus Christi,2021,Slnd,New Orleans,2,LEFT,False
1790794,A&M-Corpus Christi,New Orleans,1396.0,New Orleans,3pt,jumpshot,False,LEFT,24.172,atb3,tok3,2021,A&M-Corpus Christi,2021,Slnd,New Orleans,2,LEFT,False
1790794,A&M-Corpus Christi,New Orleans,1498.0,New Orleans,2pt,floatingjumpshot,True,LEFT,11.25,mid2,rb2,2021,A&M-Corpus Christi,2021,Slnd,New Orleans,2,LEFT,False
1790794,A&M-Corpus Christi,New Orleans,1601.0,New Orleans,2pt,jumpshot,False,LEFT,13.763,paint2,paint2,2021,A&M-Corpus Christi,2021,Slnd,New Orleans,2,LEFT,False
1790794,A&M-Corpus Christi,New Orleans,1796.0,New Orleans,3pt,jumpshot,False,LEFT,23.881,atb3,rw3,2021,A&M-Corpus Christi,2021,Slnd,New Orleans,2,LEFT,False
1790794,A&M-Corpus Christi,New Orleans,1965.0,New Orleans,3pt,jumpshot,True,LEFT,24.637,atb3,lw3,2021,A&M-Corpus Christi,2021,Slnd,New Orleans,2,LEFT,False
2190410,A&M-Corpus Christi,Southeastern La.,79.0,Southeastern La.,2pt,jumpshot,True,RIGHT,12.493,paint2,paint2,2023,A&M-Corpus Christi,2023,Slnd,Nicholls,1,RIGHT,False
2190410,A&M-Corpus Christi,Southeastern La.,274.0,Southeastern La.,3pt,jumpshot,False,RIGHT,23.59,atb3,rw3,2023,A&M-Corpus Christi,2023,Slnd,Nicholls,1,RIGHT,False
2190410,A&M-Corpus Christi,Southeastern La.,341.0,Southeastern La.,2pt,jumpshot,True,RIGHT,5.656,paint2,paint2,2023,A&M-Corpus Christi,2023,Slnd,Nicholls,1,RIGHT,False
2190410,A&M-Corpus Christi,Southeastern La.,419.0,Southeastern La.,2pt,jumpshot,False,RIGHT,19.51,mid2,le2,2023,A&M-Corpus Christi,2023,Slnd,Nicholls,1,RIGHT,False
2190410,A&M-Corpus Christi,Southeastern La.,673.0,Southeastern La.,2pt,jumpshot,True,RIGHT,15.082,mid2,rb2,2023,A&M-Corpus Christi,2023,Slnd,Nicholls,1,RIGHT,False
2190410,A&M-Corpus Christi,Southeastern La.,771.0,Southeastern La.,3pt,jumpshot,False,RIGHT,22.503,c3,lc3,2023,A&M-Corpus Christi,2023,Slnd,Nicholls,1,RIGHT,False
2190410,A&M-Corpus Christi,Southeastern La.,869.0,Southeastern La.,3pt,jumpshot,False,RIGHT,23.559,atb3,tok3,2023,A&M-Corpus Christi,2023,Slnd,Nicholls,1,RIGHT,False
2190410,A&M-Corpus Christi,Southeastern La.,877.0,Southeastern La.,3pt,jumpshot,True,RIGHT,24.216,atb3,tok3,2023,A&M-Corpus Christi,2023,Slnd,Nicholls,1,RIGHT,False
2190410,A&M-Corpus Christi,Southeastern La.,1134.0,Southeastern La.,3pt,jumpshot,False,RIGHT,22.88,c3,lc3,2023,A&M-Corpus Christi,2023,Slnd,Nicholls,1,RIGHT,False
2190410,A&M-Corpus Christi,Southeastern La.,1362.0,Southeastern La.,3pt,jumpshot,False,LEFT,23.248,atb3,rw3,2023,A&M-Corpus Christi,2023,Slnd,Nicholls,2,LEFT,False
2190410,A&M-Corpus Christi,Southeastern La.,1449.0,Southeastern La.,3pt,jumpshot,True,LEFT,23.966,atb3,tok3,2023,A&M-Corpus Christi,2023,Slnd,Nicholls,2,LEFT,False
2190410,A&M-Corpus Christi,Southeastern La.,1512.0,Southeastern La.,2pt,jumpshot,True,LEFT,11.94,mid2,rb2,2023,A&M-Corpus Christi,2023,Slnd,Nicholls,2,LEFT,False
2190410,A&M-Corpus Christi,Southeastern La.,1555.0,Southeastern La.,2pt,jumpshot,False,LEFT,6.409,paint2,paint2,2023,A&M-Corpus Christi,2023,Slnd,Nicholls,2,LEFT,False
2190410,A&M-Corpus Christi,Southeastern La.,1576.0,Southeastern La.,3pt,jumpshot,True,LEFT,25.665,atb3,tok3,2023,A&M-Corpus Christi,2023,Slnd,Nicholls,2,LEFT,False
2190410,A&M-Corpus Christi,Southeastern La.,1614.0,Southeastern La.,3pt,jumpshot,False,LEFT,22.728,c3,lc3,2023,A&M-Corpus Christi,2023,Slnd,Nicholls,2,LEFT,False
2190410,A&M-Corpus Christi,Southeastern La.,1703.0,Southeastern La.,3pt,jumpshot,True,LEFT,23.376,atb3,rw3,2023,A&M-Corpus Christi,2023,Slnd,Nicholls,2,LEFT,False
2190410,A&M-Corpus Christi,Southeastern La.,1763.0,Southeastern La.,2pt,jumpshot,False,LEFT,13.497,mid2,rb2,2023,A&M-Corpus Christi,2023,Slnd,Nicholls,2,LEFT,False
2190410,A&M-Corpus Christi,Southeastern La.,1778.0,Southeastern La.,3pt,jumpshot,True,LEFT,23.777,c3,rc3,2023,A&M-Corpus Christi,2023,Slnd,Nicholls,2,LEFT,False
2190410,A&M-Corpus Christi,Southeastern La.,1881.0,Southeastern La.,2pt,jumpshot,True,LEFT,20.297,mid2,re2,2023,A&M-Corpus Christi,2023,Slnd,Nicholls,2,LEFT,False
2190410,A&M-Corpus Christi,Southeastern La.,1927.0,Southeastern La.,3pt,jumpshot,False,LEFT,23.874,atb3,lw3,2023,A&M-Corpus Christi,2023,Slnd,Nicholls,2,LEFT,False
2190410,A&M-Corpus Christi,Southeastern La.,1969.0,Southeastern La.,2pt,jumpshot,True,LEFT,13.872,mid2,le2,2023,A&M-Corpus Christi,2023,Slnd,Nicholls,2,LEFT,False
2190410,A&M-Corpus Christi,Southeastern La.,2011.0,Southeastern La.,2pt,jumpshot,False,LEFT,8.655,mid2,lb2,2023,A&M-Corpus Christi,2023,Slnd,Nicholls,2,LEFT,False
2190410,A&M-Corpus Christi,Southeastern La.,2082.0,Southeastern La.,3pt,jumpshot,False,LEFT,22.728,c3,rc3,2023,A&M-Corpus Christi,2023,Slnd,Nicholls,2,LEFT,False
2190410,A&M-Corpus Christi,Southeastern La.,2221.0,Southeastern La.,3pt,jumpshot,False,LEFT,24.34,atb3,tok3,2023,A&M-Corpus Christi,2023,Slnd,Nicholls,2,LEFT,False
2190410,A&M-Corpus Christi,Southeastern La.,2393.0,Southeastern La.,3pt,jumpshot,True,LEFT,24.541,atb3,tok3,2023,A&M-Corpus Christi,2023,Slnd,Nicholls,2,LEFT,False
2551171,A&M-Corpus Christi,Lamar University,113.0,Lamar University,3pt,jumpshot,False,RIGHT,23.077,atb3,lw3,2025,A&M-Corpus Christi,2025,Slnd,SFA,1,RIGHT,False
2551171,A&M-Corpus Christi,Lamar University,400.0,Lamar University,3pt,jumpshot,False,RIGHT,23.538,c3,lc3,2025,A&M-Corpus Christi,2025,Slnd,SFA,1,RIGHT,False
2551171,A&M-Corpus Christi,Lamar University,490.0,Lamar University,2pt,floatingjumpshot,True,RIGHT,12.184,paint2,paint2,2025,A&M-Corpus Christi,2025,Slnd,SFA,1,RIGHT,False
2551171,A&M-Corpus Christi,Lamar University,565.0,Lamar University,3pt,jumpshot,False,RIGHT,24.473,atb3,lw3,2025,A&M-Corpus Christi,2025,Slnd,SFA,1,RIGHT,False
2551171,A&M-Corpus Christi,Lamar University,976.0,Lamar University,3pt,jumpshot,False,RIGHT,23.223,c3,rc3,2025,A&M-Corpus Christi,2025,Slnd,SFA,1,RIGHT,False
2551171,A&M-Corpus Christi,Lamar University,1260.0,Lamar University,2pt,jumpshot,True,LEFT,12.422,mid2,rb2,2025,A&M-Corpus Christi,2025,Slnd,SFA,2,LEFT,False
2551171,A&M-Corpus Christi,Lamar University,1304.0,Lamar University,3pt,jumpshot,False,LEFT,24.358,atb3,rw3,2025,A&M-Corpus Christi,2025,Slnd,SFA,2,LEFT,False
2551171,A&M-Corpus Christi,Lamar University,1552.0,Lamar University,2pt,jumpshot,False,LEFT,15.503,mid2,re2,2025,A&M-Corpus Christi,2025,Slnd,SFA,2,LEFT,False
2551171,A&M-Corpus Christi,Lamar University,1656.0,Lamar University,2pt,jumpshot,False,LEFT,7.295,paint2,paint2,2025,A&M-Corpus Christi,2025,Slnd,SFA,2,LEFT,False
2551171,A&M-Corpus Christi,Lamar University,1715.0,Lamar University,3pt,jumpshot,True,LEFT,24.356,c3,rc3,2025,A&M-Corpus Christi,2025,Slnd,SFA,2,LEFT,False
2551171,A&M-Corpus Christi,Lamar University,1757.0,Lamar University,3pt,jumpshot,False,LEFT,23.686,atb3,lw3,2025,A&M-Corpus Christi,2025,Slnd,SFA,2,LEFT,False
2551171,A&M-Corpus Christi,Lamar University,1802.0,Lamar University,2pt,hookshot,True,LEFT,10.73,paint2,paint2,2025,A&M-Corpus Christi,2025,Slnd,SFA,2,LEFT,False
2551171,A&M-Corpus Christi,Lamar University,2003.0,Lamar University,3pt,jumpshot,False,LEFT,24.6,atb3,rw3,2025,A&M-Corpus Christi,2025,Slnd,SFA,2,LEFT,False
2551171,A&M-Corpus Christi,Lamar University,2068.0,Lamar University,2pt,jumpshot,True,LEFT,13.229,paint2,paint2,2025,A&M-Corpus Christi,2025,Slnd,SFA,2,LEFT,False
2551171,A&M-Corpus Christi,Lamar University,2129.0,Lamar University,3pt,jumpshot,True,LEFT,23.003,c3,lc3,2025,A&M-Corpus Christi,2025,Slnd,SFA,2,LEFT,False
2551171,A&M-Corpus Christi,Lamar University,2286.0,Lamar University,3pt,stepbackjumpshot,False,LEFT,24.629,atb3,tok3,2025,A&M-Corpus Christi,2025,Slnd,SFA,2,LEFT,False
1991708,A&M-Corpus Christi,Southeastern La.,74.0,Southeastern La.,2pt,jumpshot,True,RIGHT,17.616,mid2,re2,2022,A&M-Corpus Christi,2022,Slnd,Nicholls,1,RIGHT,False
1991708,A&M-Corpus Christi,Southeastern La.,184.0,Southeastern La.,3pt,jumpshot,False,RIGHT,22.549,c3,lc3,2022,A&M-Corpus Christi,2022,Slnd,Nicholls,1,RIGHT,False
1991708,A&M-Corpus Christi,Southeastern La.,267.0,Southeastern La.,2pt,jumpshot,False,RIGHT,20.904,mid2,re2,2022,A&M-Corpus Christi,2022,Slnd,Nicholls,1,RIGHT,False
1991708,A&M-Corpus Christi,Southeastern La.,346.0,Southeastern La.,2pt,jumpshot,False,RIGHT,18.96,mid2,rb2,2022,A&M-Corpus Christi,2022,Slnd,Nicholls,1,RIGHT,False
1991708,A&M-Corpus Christi,Southeastern La.,486.0,Southeastern La.,2pt,jumpshot,True,RIGHT,15.251,mid2,re2,2022,A&M-Corpus Christi,2022,Slnd,Nicholls,1,RIGHT,False
1991708,A&M-Corpus Christi,Southeastern La.,543.0,Southeastern La.,2pt,jumpshot,False,RIGHT,8.864,paint2,paint2,2022,A&M-Corpus Christi,2022,Slnd,Nicholls,1,RIGHT,False
1991708,A&M-Corpus Christi,Southeastern La.,662.0,Southeastern La.,3pt,jumpshot,True,RIGHT,24.487,c3,rc3,2022,A&M-Corpus Christi,2022,Slnd,Nicholls,1,RIGHT,False
1991708,A&M-Corpus Christi,Southeastern La.,725.0,Southeastern La.,2pt,jumpshot,True,RIGHT,14.128,paint2,paint2,2022,A&M-Corpus Christi,2022,Slnd,Nicholls,1,RIGHT,False
1991708,A&M-Corpus Christi,Southeastern La.,776.0,Southeastern La.,3pt,jumpshot,False,RIGHT,23.069,c3,lc3,2022,A&M-Corpus Christi,2022,Slnd,Nicholls,1,RIGHT,False
1991708,A&M-Corpus Christi,Southeastern La.,784.0,Southeastern La.,2pt,jumpshot,False,RIGHT,9.482,mid2,rb2,2022,A&M-Corpus Christi,2022,Slnd,Nicholls,1,RIGHT,False
1991708,A&M-Corpus Christi,Southeastern La.,838.0,Southeastern La.,2pt,jumpshot,True,RIGHT,6.353,paint2,paint2,2022,A&M-Corpus Christi,2022,Slnd,Nicholls,1,RIGHT,False
1991708,A&M-Corpus Christi,Southeastern La.,933.0,Southeastern La.,3pt,jumpshot,True,RIGHT,23.538,c3,rc3,2022,A&M-Corpus Christi,2022,Slnd,Nicholls,1,RIGHT,False
1991708,A&M-Corpus Christi,Southeastern La.,1071.0,Southeastern La.,2pt,jumpshot,False,RIGHT,17.647,mid2,rb2,2022,A&M-Corpus Christi,2022,Slnd,Nicholls,1,RIGHT,False
1991708,A&M-Corpus Christi,Southeastern La.,1211.0,Southeastern La.,3pt,jumpshot,False,LEFT,23.749,atb3,tok3,2022,A&M-Corpus Christi,2022,Slnd,Nicholls,2,LEFT,False
1991708,A&M-Corpus Christi,Southeastern La.,1308.0,Southeastern La.,3pt,jumpshot,True,LEFT,26.672,atb3,lw3,2022,A&M-Corpus Christi,2022,Slnd,Nicholls,2,LEFT,False
1991708,A&M-Corpus Christi,Southeastern La.,1547.0,Southeastern La.,3pt,jumpshot,True,LEFT,23.007,c3,lc3,2022,A&M-Corpus Christi,2022,Slnd,Nicholls,2,LEFT,False
1991708,A&M-Corpus Christi,Southeastern La.,1758.0,Southeastern La.,3pt,jumpshot,False,LEFT,23.673,atb3,tok3,2022,A&M-Corpus Christi,2022,Slnd,Nicholls,2,LEFT,False
1991708,A&M-Corpus Christi,Southeastern La.,1893.0,Southeastern La.,2pt,jumpshot,False,LEFT,20.524,mid2,re2,2022,A&M-Corpus Christi,2022,Slnd,Nicholls,2,LEFT,False
1991708,A&M-Corpus Christi,Southeastern La.,1986.0,Southeastern La.,3pt,jumpshot,True,LEFT,24.958,atb3,lw3,2022,A&M-Corpus Christi,2022,Slnd,Nicholls,2,LEFT,False
1991708,A&M-Corpus Christi,Southeastern La.,2027.0,Southeastern La.,2pt,jumpshot,True,LEFT,13.958,mid2,lb2,2022,A&M-Corpus Christi,2022,Slnd,Nicholls,2,LEFT,False
1991708,A&M-Corpus Christi,Southeastern La.,2081.0,Southeastern La.,3pt,jumpshot,False,LEFT,23.556,c3,rc3,2022,A&M-Corpus Christi,2022,Slnd,Nicholls,2,LEFT,False
1991708,A&M-Corpus Christi,Southeastern La.,2309.0,Southeastern La.,3pt,jumpshot,False,LEFT,23.864,c3,lc3,2022,A&M-Corpus Christi,2022,Slnd,Nicholls,2,LEFT,False
1987311,A&M-Corpus Christi,McNeese,100.0,McNeese,2pt,jumpshot,False,RIGHT,18.639,mid2,lb2,2022,A&M-Corpus Christi,2022,Slnd,Nicholls,1,RIGHT,False
1987311,A&M-Corpus Christi,McNeese,257.0,McNeese,2pt,jumpshot,False,RIGHT,10.981,mid2,re2,2022,A&M-Corpus Christi,2022,Slnd,Nicholls,1,RIGHT,False
1987311,A&M-Corpus Christi,McNeese,295.0,McNeese,2pt,jumpshot,True,RIGHT,6.972,paint2,paint2,2022,A&M-Corpus Christi,2022,Slnd,Nicholls,1,RIGHT,False
1987311,A&M-Corpus Christi,McNeese,387.0,McNeese,3pt,jumpshot,True,RIGHT,23.963,atb3,lw3,2022,A&M-Corpus Christi,2022,Slnd,Nicholls,1,RIGHT,False
1987311,A&M-Corpus Christi,McNeese,443.0,McNeese,2pt,jumpshot,False,RIGHT,13.022,mid2,rb2,2022,A&M-Corpus Christi,2022,Slnd,Nicholls,1,RIGHT,False
1987311,A&M-Corpus Christi,McNeese,654.0,McNeese,2pt,jumpshot,False,RIGHT,14.886,mid2,lb2,2022,A&M-Corpus Christi,2022,Slnd,Nicholls,1,RIGHT,False
1987311,A&M-Corpus Christi,McNeese,897.0,McNeese,2pt,jumpshot,False,RIGHT,12.333,mid2,le2,2022,A&M-Corpus Christi,2022,Slnd,Nicholls,1,RIGHT,False
1987311,A&M-Corpus Christi,McNeese,974.0,McNeese,3pt,jumpshot,True,RIGHT,23.556,c3,lc3,2022,A&M-Corpus Christi,2022,Slnd,Nicholls,1,RIGHT,False
1987311,A&M-Corpus Christi,McNeese,1111.0,McNeese,2pt,jumpshot,False,RIGHT,5.942,paint2,paint2,2022,A&M-Corpus Christi,2022,Slnd,Nicholls,1,RIGHT,False
1987311,A&M-Corpus Christi,McNeese,1371.0,McNeese,2pt,jumpshot,False,LEFT,19.991,mid2,re2,2022,A&M-Corpus Christi,2022,Slnd,Nicholls,2,LEFT,False
1987311,A&M-Corpus Christi,McNeese,1569.0,McNeese,2pt,jumpshot,False,LEFT,6.988,paint2,paint2,2022,A&M-Corpus Christi,2022,Slnd,Nicholls,2,LEFT,False
1987311,A&M-Corpus Christi,McNeese,1646.0,McNeese,2pt,jumpshot,False,LEFT,16.556,mid2,le2,2022,A&M-Corpus Christi,2022,Slnd,Nicholls,2,LEFT,False
1987311,A&M-Corpus Christi,McNeese,1676.0,McNeese,3pt,jumpshot,False,LEFT,23.048,c3,rc3,2022,A&M-Corpus Christi,2022,Slnd,Nicholls,2,LEFT,False
1987311,A&M-Corpus Christi,McNeese,1948.0,McNeese,2pt,jumpshot,False,LEFT,12.811,mid2,re2,2022,A&M-Corpus Christi,2022,Slnd,Nicholls,2,LEFT,False
1987311,A&M-Corpus Christi,McNeese,2020.0,McNeese,3pt,jumpshot,False,LEFT,25.67,atb3,lw3,2022,A&M-Corpus Christi,2022,Slnd,Nicholls,2,LEFT,False
1987311,A&M-Corpus Christi,McNeese,2303.0,McNeese,2pt,floatingjumpshot,True,LEFT,11.783,mid2,lb2,2022,A&M-Corpus Christi,2022,Slnd,Nicholls,2,LEFT,False
2549281,A&M-Corpus Christi,UTRGV,1336.0,UTRGV,3pt,jumpshot,True,LEFT,22.507,c3,lc3,2025,A&M-Corpus Christi,2025,Slnd,SFA,2,LEFT,False
2549281,A&M-Corpus Christi,UTRGV,1520.0,UTRGV,3pt,jumpshot,True,LEFT,24.485,atb3,rw3,2025,A&M-Corpus Christi,2025,Slnd,SFA,2,LEFT,False
2549281,A&M-Corpus Christi,UTRGV,1805.0,UTRGV,3pt,jumpshot,False,LEFT,24.182,atb3,tok3,2025,A&M-Corpus Christi,2025,Slnd,SFA,2,LEFT,False
2549281,A&M-Corpus Christi,UTRGV,1810.0,UTRGV,3pt,jumpshot,True,LEFT,24.929,atb3,rw3,2025,A&M-Corpus Christi,2025,Slnd,SFA,2,LEFT,False
2549281,A&M-Corpus Christi,UTRGV,2052.0,UTRGV,2pt,jumpshot,True,LEFT,19.244,mid2,re2,2025,A&M-Corpus Christi,2025,Slnd,SFA,2,LEFT,False
2546946,A&M-Corpus Christi,Northwestern St.,22.0,Northwestern St.,2pt,jumpshot,False,RIGHT,8.518,mid2,lb2,2025,A&M-Corpus Christi,2025,Slnd,SFA,1,RIGHT,False
2546946,A&M-Corpus Christi,Northwestern St.,46.0,Northwestern St.,3pt,jumpshot,True,RIGHT,22.905,atb3,rw3,2025,A&M-Corpus Christi,2025,Slnd,SFA,1,RIGHT,False
2546946,A&M-Corpus Christi,Northwestern St.,214.0,Northwestern St.,2pt,jumpshot,False,RIGHT,14.149,mid2,le2,2025,A&M-Corpus Christi,2025,Slnd,SFA,1,RIGHT,False
2546946,A&M-Corpus Christi,Northwestern St.,295.0,Northwestern St.,2pt,jumpshot,True,RIGHT,7.359,mid2,rb2,2025,A&M-Corpus Christi,2025,Slnd,SFA,1,RIGHT,False
2546946,A&M-Corpus Christi,Northwestern St.,463.0,Northwestern St.,3pt,jumpshot,False,RIGHT,24.09,atb3,rw3,2025,A&M-Corpus Christi,2025,Slnd,SFA,1,RIGHT,False
2546946,A&M-Corpus Christi,Northwestern St.,488.0,Northwestern St.,3pt,jumpshot,False,RIGHT,23.503,c3,lc3,2025,A&M-Corpus Christi,2025,Slnd,SFA,1,RIGHT,False
2546946,A&M-Corpus Christi,Northwestern St.,681.0,Northwestern St.,2pt,jumpshot,False,RIGHT,6.474,paint2,paint2,2025,A&M-Corpus Christi,2025,Slnd,SFA,1,RIGHT,False
2546946,A&M-Corpus Christi,Northwestern St.,701.0,Northwestern St.,2pt,jumpshot,True,RIGHT,15.704,mid2,rb2,2025,A&M-Corpus Christi,2025,Slnd,SFA,1,RIGHT,False
2546946,A&M-Corpus Christi,Northwestern St.,769.0,Northwestern St.,2pt,jumpshot,False,RIGHT,9.345,paint2,paint2,2025,A&M-Corpus Christi,2025,Slnd,SFA,1,RIGHT,False
2546946,A&M-Corpus Christi,Northwestern St.,945.0,Northwestern St.,2pt,jumpshot,False,RIGHT,5.764,paint2,paint2,2025,A&M-Corpus Christi,2025,Slnd,SFA,1,RIGHT,False
2546946,A&M-Corpus Christi,Northwestern St.,1094.0,Northwestern St.,2pt,hookshot,False,RIGHT,4.845,paint2,paint2,2025,A&M-Corpus Christi,2025,Slnd,SFA,1,RIGHT,False
2546946,A&M-Corpus Christi,Northwestern St.,1193.8,Northwestern St.,3pt,jumpshot,False,RIGHT,24.262,atb3,lw3,2025,A&M-Corpus Christi,2025,Slnd,SFA,1,RIGHT,False
2546946,A&M-Corpus Christi,Northwestern St.,1430.0,Northwestern St.,3pt,jumpshot,False,LEFT,23.048,c3,rc3,2025,A&M-Corpus Christi,2025,Slnd,SFA,2,LEFT,False
2546946,A&M-Corpus Christi,Northwestern St.,1557.0,Northwestern St.,3pt,jumpshot,True,LEFT,23.713,atb3,rw3,2025,A&M-Corpus Christi,2025,Slnd,SFA,2,LEFT,False
2546946,A&M-Corpus Christi,Northwestern St.,1673.0,Northwestern St.,2pt,jumpshot,False,LEFT,6.353,paint2,paint2,2025,A&M-Corpus Christi,2025,Slnd,SFA,2,LEFT,False
2546946,A&M-Corpus Christi,Northwestern St.,1797.0,Northwestern St.,3pt,jumpshot,False,LEFT,24.697,atb3,lw3,2025,A&M-Corpus Christi,2025,Slnd,SFA,2,LEFT,False
2546946,A&M-Corpus Christi,Northwestern St.,2139.0,Northwestern St.,2pt,jumpshot,True,LEFT,12.271,mid2,le2,2025,A&M-Corpus Christi,2025,Slnd,SFA,2,LEFT,False
2546946,A&M-Corpus Christi,Northwestern St.,2309.0,Northwestern St.,3pt,jumpshot,False,LEFT,24.033,c3,rc3,2025,A&M-Corpus Christi,2025,Slnd,SFA,2,LEFT,False
2551179,A&M-Corpus Christi,UIW,47.0,UIW,3pt,jumpshot,False,RIGHT,24.476,atb3,rw3,2025,A&M-Corpus Christi,2025,Slnd,SFA,1,RIGHT,False
2551179,A&M-Corpus Christi,UIW,341.0,UIW,2pt,jumpshot,False,RIGHT,7.918,paint2,paint2,2025,A&M-Corpus Christi,2025,Slnd,SFA,1,RIGHT,False
2551179,A&M-Corpus Christi,UIW,506.0,UIW,2pt,jumpshot,False,RIGHT,5.723,paint2,paint2,2025,A&M-Corpus Christi,2025,Slnd,SFA,1,RIGHT,False
2551179,A&M-Corpus Christi,UIW,531.0,UIW,3pt,jumpshot,False,RIGHT,25.297,atb3,rw3,2025,A&M-Corpus Christi,2025,Slnd,SFA,1,RIGHT,False
2551179,A&M-Corpus Christi,UIW,601.0,UIW,3pt,jumpshot,False,RIGHT,28.02,atb3,rw3,2025,A&M-Corpus Christi,2025,Slnd,SFA,1,RIGHT,False
2551179,A&M-Corpus Christi,UIW,879.0,UIW,3pt,jumpshot,True,RIGHT,27.508,atb3,rw3,2025,A&M-Corpus Christi,2025,Slnd,SFA,1,RIGHT,False
2551179,A&M-Corpus Christi,UIW,980.0,UIW,2pt,jumpshot,False,RIGHT,10.743,mid2,rb2,2025,A&M-Corpus Christi,2025,Slnd,SFA,1,RIGHT,False
2551179,A&M-Corpus Christi,UIW,1180.8,UIW,3pt,jumpshot,False,RIGHT,24.925,atb3,rw3,2025,A&M-Corpus Christi,2025,Slnd,SFA,1,RIGHT,False
2551179,A&M-Corpus Christi,UIW,1242.0,UIW,3pt,jumpshot,True,LEFT,25.335,atb3,lw3,2025,A&M-Corpus Christi,2025,Slnd,SFA,2,LEFT,False
2551179,A&M-Corpus Christi,UIW,1588.0,UIW,3pt,jumpshot,True,LEFT,24.029,atb3,lw3,2025,A&M-Corpus Christi,2025,Slnd,SFA,2,LEFT,False
1986638,A&M-Corpus Christi,UIW,47.0,UIW,2pt,jumpshot,False,RIGHT,11.982,mid2,rb2,2022,A&M-Corpus Christi,2022,Slnd,Nicholls,1,RIGHT,False
1986638,A&M-Corpus Christi,UIW,524.0,UIW,3pt,jumpshot,False,RIGHT,27.211,atb3,rw3,2022,A&M-Corpus Christi,2022,Slnd,Nicholls,1,RIGHT,False
1986638,A&M-Corpus Christi,UIW,854.0,UIW,2pt,jumpshot,False,RIGHT,13.797,paint2,paint2,2022,A&M-Corpus Christi,2022,Slnd,Nicholls,1,RIGHT,False
1986638,A&M-Corpus Christi,UIW,1979.0,UIW,3pt,jumpshot,False,LEFT,25.703,atb3,lw3,2022,A&M-Corpus Christi,2022,Slnd,Nicholls,2,LEFT,False
2548369,A&M-Corpus Christi,SFA,478.0,SFA,2pt,hookshot,True,RIGHT,5.908,paint2,paint2,2025,A&M-Corpus Christi,2025,Slnd,SFA,1,RIGHT,False
2548369,A&M-Corpus Christi,SFA,1357.0,SFA,3pt,jumpshot,False,LEFT,24.63,atb3,rw3,2025,A&M-Corpus Christi,2025,Slnd,SFA,2,LEFT,False
2548369,A&M-Corpus Christi,SFA,1736.0,SFA,3pt,jumpshot,False,LEFT,24.478,atb3,rw3,2025,A&M-Corpus Christi,2025,Slnd,SFA,2,LEFT,False
2196471,A&M-Corpus Christi,East Texas A&M,283.0,East Texas A&M,3pt,jumpshot,False,RIGHT,23.823,atb3,lw3,2023,A&M-Corpus Christi,2023,Slnd,Nicholls,1,RIGHT,False
2196471,A&M-Corpus Christi,East Texas A&M,575.0,East Texas A&M,3pt,jumpshot,False,RIGHT,24.045,c3,rc3,2023,A&M-Corpus Christi,2023,Slnd,Nicholls,1,RIGHT,False
2196471,A&M-Corpus Christi,East Texas A&M,657.0,East Texas A&M,3pt,jumpshot,False,RIGHT,23.371,c3,lc3,2023,A&M-Corpus Christi,2023,Slnd,Nicholls,1,RIGHT,False
2196471,A&M-Corpus Christi,East Texas A&M,875.0,East Texas A&M,3pt,jumpshot,True,RIGHT,23.871,atb3,rw3,2023,A&M-Corpus Christi,2023,Slnd,Nicholls,1,RIGHT,False
2196471,A&M-Corpus Christi,East Texas A&M,1168.7,East Texas A&M,3pt,jumpshot,False,RIGHT,23.965,atb3,lw3,2023,A&M-Corpus Christi,2023,Slnd,Nicholls,1,RIGHT,False
2196471,A&M-Corpus Christi,East Texas A&M,1335.0,East Texas A&M,3pt,jumpshot,False,LEFT,23.777,c3,lc3,2023,A&M-Corpus Christi,2023,Slnd,Nicholls,2,LEFT,False
2196471,A&M-Corpus Christi,East Texas A&M,2302.0,East Texas A&M,3pt,jumpshot,False,LEFT,24.61,atb3,tok3,2023,A&M-Corpus Christi,2023,Slnd,Nicholls,2,LEFT,False
2194590,A&M-Corpus Christi,Houston Christian,114.0,Houston Christian,3pt,jumpshot,False,RIGHT,24.602,atb3,rw3,2023,A&M-Corpus Christi,2023,Slnd,Nicholls,1,RIGHT,False
2194590,A&M-Corpus Christi,Houston Christian,218.0,Houston Christian,3pt,jumpshot,False,RIGHT,24.196,atb3,lw3,2023,A&M-Corpus Christi,2023,Slnd,Nicholls,1,RIGHT,False
2194590,A&M-Corpus Christi,Houston Christian,368.0,Houston Christian,3pt,jumpshot,True,RIGHT,22.614,c3,rc3,2023,A&M-Corpus Christi,2023,Slnd,Nicholls,1,RIGHT,False
2194590,A&M-Corpus Christi,Houston Christian,393.0,Houston Christian,2pt,jumpshot,True,RIGHT,13.55,paint2,paint2,2023,A&M-Corpus Christi,2023,Slnd,Nicholls,1,RIGHT,False
2194590,A&M-Corpus Christi,Houston Christian,457.0,Houston Christian,3pt,jumpshot,False,RIGHT,23.527,atb3,tok3,2023,A&M-Corpus Christi,2023,Slnd,Nicholls,1,RIGHT,False
2194590,A&M-Corpus Christi,Houston Christian,830.0,Houston Christian,3pt,jumpshot,False,RIGHT,24.948,atb3,tok3,2023,A&M-Corpus Christi,2023,Slnd,Nicholls,1,RIGHT,False
2194590,A&M-Corpus Christi,Houston Christian,1322.0,Houston Christian,3pt,jumpshot,True,LEFT,24.032,atb3,rw3,2023,A&M-Corpus Christi,2023,Slnd,Nicholls,2,LEFT,False
2194590,A&M-Corpus Christi,Houston Christian,1577.0,Houston Christian,3pt,jumpshot,False,LEFT,23.862,atb3,rw3,2023,A&M-Corpus Christi,2023,Slnd,Nicholls,2,LEFT,False
2194590,A&M-Corpus Christi,Houston Christian,1710.0,Houston Christian,2pt,jumpshot,True,LEFT,17.452,mid2,rb2,2023,A&M-Corpus Christi,2023,Slnd,Nicholls,2,LEFT,False
2194590,A&M-Corpus Christi,Houston Christian,1802.0,Houston Christian,2pt,jumpshot,False,LEFT,11.635,paint2,paint2,2023,A&M-Corpus Christi,2023,Slnd,Nicholls,2,LEFT,False
2194590,A&M-Corpus Christi,Houston Christian,2045.0,Houston Christian,3pt,jumpshot,True,LEFT,24.967,atb3,lw3,2023,A&M-Corpus Christi,2023,Slnd,Nicholls,2,LEFT,False
2194590,A&M-Corpus Christi,Houston Christian,2203.0,Houston Christian,3pt,jumpshot,False,LEFT,23.556,c3,rc3,2023,A&M-Corpus Christi,2023,Slnd,Nicholls,2,LEFT,False
2190799,A&M-Corpus Christi,New Orleans,179.0,New Orleans,2pt,jumpshot,True,RIGHT,7.588,paint2,paint2,2023,A&M-Corpus Christi,2023,Slnd,Nicholls,1,RIGHT,False
2190799,A&M-Corpus Christi,New Orleans,817.0,New Orleans,2pt,jumpshot,True,RIGHT,18.473,mid2,le2,2023,A&M-Corpus Christi,2023,Slnd,Nicholls,1,RIGHT,False
2190799,A&M-Corpus Christi,New Orleans,1257.0,New Orleans,2pt,jumpshot,True,LEFT,6.528,paint2,paint2,2023,A&M-Corpus Christi,2023,Slnd,Nicholls,2,LEFT,False
2190799,A&M-Corpus Christi,New Orleans,1861.0,New Orleans,3pt,jumpshot,False,LEFT,24.866,atb3,lw3,2023,A&M-Corpus Christi,2023,Slnd,Nicholls,2,LEFT,False
2190799,A&M-Corpus Christi,New Orleans,1877.0,New Orleans,3pt,jumpshot,False,LEFT,25.714,atb3,lw3,2023,A&M-Corpus Christi,2023,Slnd,Nicholls,2,LEFT,False
2190799,A&M-Corpus Christi,New Orleans,1909.0,New Orleans,3pt,jumpshot,False,LEFT,23.112,c3,lc3,2023,A&M-Corpus Christi,2023,Slnd,Nicholls,2,LEFT,False
2190799,A&M-Corpus Christi,New Orleans,2029.0,New Orleans,2pt,jumpshot,False,LEFT,11.141,paint2,paint2,2023,A&M-Corpus Christi,2023,Slnd,Nicholls,2,LEFT,False
2190799,A&M-Corpus Christi,New Orleans,2387.5,New Orleans,3pt,jumpshot,False,LEFT,26.635,atb3,lw3,2023,A&M-Corpus Christi,2023,Slnd,Nicholls,2,LEFT,False
2347254,A&M-Corpus Christi,East Texas A&M,25.0,East Texas A&M,3pt,jumpshot,False,RIGHT,23.538,c3,rc3,2024,A&M-Corpus Christi,2024,Slnd,McNeese,1,RIGHT,False
2347254,A&M-Corpus Christi,East Texas A&M,193.0,East Texas A&M,3pt,jumpshot,False,RIGHT,23.358,atb3,lw3,2024,A&M-Corpus Christi,2024,Slnd,McNeese,1,RIGHT,False
2347254,A&M-Corpus Christi,East Texas A&M,260.0,East Texas A&M,3pt,jumpshot,False,RIGHT,23.007,c3,rc3,2024,A&M-Corpus Christi,2024,Slnd,McNeese,1,RIGHT,False
2347254,A&M-Corpus Christi,East Texas A&M,406.0,East Texas A&M,2pt,jumpshot,False,RIGHT,13.642,mid2,le2,2024,A&M-Corpus Christi,2024,Slnd,McNeese,1,RIGHT,False
2347254,A&M-Corpus Christi,East Texas A&M,897.0,East Texas A&M,2pt,turnaroundjumpshot,True,RIGHT,14.624,paint2,paint2,2024,A&M-Corpus Christi,2024,Slnd,McNeese,1,RIGHT,False
2347254,A&M-Corpus Christi,East Texas A&M,1399.0,East Texas A&M,3pt,jumpshot,True,LEFT,23.536,atb3,lw3,2024,A&M-Corpus Christi,2024,Slnd,McNeese,2,LEFT,False
2347254,A&M-Corpus Christi,East Texas A&M,1556.0,East Texas A&M,3pt,jumpshot,False,LEFT,26.22,atb3,tok3,2024,A&M-Corpus Christi,2024,Slnd,McNeese,2,LEFT,False
2347254,A&M-Corpus Christi,East Texas A&M,2214.0,East Texas A&M,2pt,jumpshot,False,LEFT,15.631,mid2,re2,2024,A&M-Corpus Christi,2024,Slnd,McNeese,2,LEFT,False
2348352,A&M-Corpus Christi,Southeastern La.,175.0,Southeastern La.,2pt,turnaroundjumpshot,False,RIGHT,6.255,paint2,paint2,2024,A&M-Corpus Christi,2024,Slnd,McNeese,1,RIGHT,False
2348352,A&M-Corpus Christi,Southeastern La.,587.0,Southeastern La.,3pt,jumpshot,False,RIGHT,23.479,atb3,tok3,2024,A&M-Corpus Christi,2024,Slnd,McNeese,1,RIGHT,False
2348352,A&M-Corpus Christi,Southeastern La.,642.0,Southeastern La.,3pt,jumpshot,True,RIGHT,25.042,atb3,tok3,2024,A&M-Corpus Christi,2024,Slnd,McNeese,1,RIGHT,False
2348352,A&M-Corpus Christi,Southeastern La.,689.0,Southeastern La.,3pt,jumpshot,False,RIGHT,24.894,atb3,lw3,2024,A&M-Corpus Christi,2024,Slnd,McNeese,1,RIGHT,False
2348352,A&M-Corpus Christi,Southeastern La.,830.0,Southeastern La.,3pt,jumpshot,False,RIGHT,24.322,c3,rc3,2024,A&M-Corpus Christi,2024,Slnd,McNeese,1,RIGHT,False
2348352,A&M-Corpus Christi,Southeastern La.,884.0,Southeastern La.,2pt,turnaroundjumpshot,False,RIGHT,13.906,paint2,paint2,2024,A&M-Corpus Christi,2024,Slnd,McNeese,1,RIGHT,False
2348352,A&M-Corpus Christi,Southeastern La.,928.0,Southeastern La.,2pt,turnaroundjumpshot,False,RIGHT,13.243,paint2,paint2,2024,A&M-Corpus Christi,2024,Slnd,McNeese,1,RIGHT,False
2348352,A&M-Corpus Christi,Southeastern La.,1126.0,Southeastern La.,2pt,hookshot,True,RIGHT,11.484,paint2,paint2,2024,A&M-Corpus Christi,2024,Slnd,McNeese,1,RIGHT,False
2348352,A&M-Corpus Christi,Southeastern La.,1194.9,Southeastern La.,2pt,floatingjumpshot,True,RIGHT,8.293,paint2,paint2,2024,A&M-Corpus Christi,2024,Slnd,McNeese,1,RIGHT,False
2348352,A&M-Corpus Christi,Southeastern La.,1457.0,Southeastern La.,2pt,pullupjumpshot,True,LEFT,8.59,paint2,paint2,2024,A&M-Corpus Christi,2024,Slnd,McNeese,2,LEFT,False
2348352,A&M-Corpus Christi,Southeastern La.,1643.0,Southeastern La.,3pt,jumpshot,True,LEFT,24.261,c3,rc3,2024,A&M-Corpus Christi,2024,Slnd,McNeese,2,LEFT,False
2348352,A&M-Corpus Christi,Southeastern La.,1805.0,Southeastern La.,2pt,floatingjumpshot,True,LEFT,10.98,mid2,rb2,2024,A&M-Corpus Christi,2024,Slnd,McNeese,2,LEFT,False
2348352,A&M-Corpus Christi,Southeastern La.,2153.0,Southeastern La.,3pt,jumpshot,False,LEFT,23.223,c3,lc3,2024,A&M-Corpus Christi,2024,Slnd,McNeese,2,LEFT,False
1989459,A&M-Corpus Christi,New Orleans,92.0,New Orleans,3pt,jumpshot,True,RIGHT,24.072,atb3,tok3,2022,A&M-Corpus Christi,2022,Slnd,Nicholls,1,RIGHT,False
1989459,A&M-Corpus Christi,New Orleans,187.0,New Orleans,3pt,jumpshot,False,RIGHT,24.377,atb3,tok3,2022,A&M-Corpus Christi,2022,Slnd,Nicholls,1,RIGHT,False
1989459,A&M-Corpus Christi,New Orleans,202.0,New Orleans,3pt,jumpshot,False,RIGHT,23.812,atb3,rw3,2022,A&M-Corpus Christi,2022,Slnd,Nicholls,1,RIGHT,False
1989459,A&M-Corpus Christi,New Orleans,371.0,New Orleans,2pt,pullupjumpshot,False,RIGHT,6.528,paint2,paint2,2022,A&M-Corpus Christi,2022,Slnd,Nicholls,1,RIGHT,False
1989459,A&M-Corpus Christi,New Orleans,695.0,New Orleans,2pt,jumpshot,False,RIGHT,13.384,mid2,re2,2022,A&M-Corpus Christi,2022,Slnd,Nicholls,1,RIGHT,False
1989459,A&M-Corpus Christi,New Orleans,1018.0,New Orleans,2pt,jumpshot,True,RIGHT,19.67,mid2,rb2,2022,A&M-Corpus Christi,2022,Slnd,Nicholls,1,RIGHT,False
1989459,A&M-Corpus Christi,New Orleans,1052.0,New Orleans,2pt,jumpshot,False,RIGHT,17.058,mid2,le2,2022,A&M-Corpus Christi,2022,Slnd,Nicholls,1,RIGHT,False
1989459,A&M-Corpus Christi,New Orleans,1199.8,New Orleans,3pt,jumpshot,False,RIGHT,23.112,c3,lc3,2022,A&M-Corpus Christi,2022,Slnd,Nicholls,1,RIGHT,False
1989459,A&M-Corpus Christi,New Orleans,1536.0,New Orleans,2pt,jumpshot,False,LEFT,11.451,paint2,paint2,2022,A&M-Corpus Christi,2022,Slnd,Nicholls,2,LEFT,False
1989459,A&M-Corpus Christi,New Orleans,1576.0,New Orleans,3pt,jumpshot,False,LEFT,23.371,c3,rc3,2022,A&M-Corpus Christi,2022,Slnd,Nicholls,2,LEFT,False
1989459,A&M-Corpus Christi,New Orleans,1661.0,New Orleans,3pt,jumpshot,False,LEFT,24.853,atb3,lw3,2022,A&M-Corpus Christi,2022,Slnd,Nicholls,2,LEFT,False
1989459,A&M-Corpus Christi,New Orleans,1734.0,New Orleans,3pt,jumpshot,True,LEFT,23.379,c3,rc3,2022,A&M-Corpus Christi,2022,Slnd,Nicholls,2,LEFT,False
1989459,A&M-Corpus Christi,New Orleans,2178.0,New Orleans,2pt,hookshot,False,LEFT,4.607,paint2,paint2,2022,A&M-Corpus Christi,2022,Slnd,Nicholls,2,LEFT,False
1989459,A&M-Corpus Christi,New Orleans,2327.0,New Orleans,2pt,jumpshot,False,LEFT,15.032,mid2,re2,2022,A&M-Corpus Christi,2022,Slnd,Nicholls,2,LEFT,False
2348352,A&M-Corpus Christi,Southeastern La.,438.0,Southeastern La.,2pt,floatingjumpshot,True,RIGHT,10.645,paint2,paint2,2024,A&M-Corpus Christi,2024,Slnd,McNeese,1,RIGHT,False
2348352,A&M-Corpus Christi,Southeastern La.,499.0,Southeastern La.,3pt,jumpshot,True,RIGHT,23.003,c3,rc3,2024,A&M-Corpus Christi,2024,Slnd,McNeese,1,RIGHT,False
2348352,A&M-Corpus Christi,Southeastern La.,1266.0,Southeastern La.,2pt,floatingjumpshot,False,LEFT,6.597,paint2,paint2,2024,A&M-Corpus Christi,2024,Slnd,McNeese,2,LEFT,False
2348352,A&M-Corpus Christi,Southeastern La.,1419.0,Southeastern La.,2pt,jumpshot,False,LEFT,14.428,mid2,rb2,2024,A&M-Corpus Christi,2024,Slnd,McNeese,2,LEFT,False
2348352,A&M-Corpus Christi,Southeastern La.,1681.0,Southeastern La.,3pt,jumpshot,False,LEFT,23.038,c3,lc3,2024,A&M-Corpus Christi,2024,Slnd,McNeese,2,LEFT,False
2348352,A&M-Corpus Christi,Southeastern La.,2162.0,Southeastern La.,3pt,jumpshot,True,LEFT,23.82,atb3,lw3,2024,A&M-Corpus Christi,2024,Slnd,McNeese,2,LEFT,False
2348352,A&M-Corpus Christi,Southeastern La.,2320.0,Southeastern La.,3pt,jumpshot,False,LEFT,26.423,atb3,lw3,2024,A&M-Corpus Christi,2024,Slnd,McNeese,2,LEFT,False
2548369,A&M-Corpus Christi,SFA,51.0,SFA,3pt,jumpshot,False,RIGHT,24.82,atb3,lw3,2025,A&M-Corpus Christi,2025,Slnd,SFA,1,RIGHT,False
2548369,A&M-Corpus Christi,SFA,1094.0,SFA,3pt,jumpshot,False,RIGHT,23.534,atb3,lw3,2025,A&M-Corpus Christi,2025,Slnd,SFA,1,RIGHT,False
2548369,A&M-Corpus Christi,SFA,1217.0,SFA,3pt,jumpshot,False,LEFT,24.915,atb3,tok3,2025,A&M-Corpus Christi,2025,Slnd,SFA,2,LEFT,False
2548369,A&M-Corpus Christi,SFA,1273.0,SFA,2pt,jumpshot,False,LEFT,18.435,mid2,le2,2025,A&M-Corpus Christi,2025,Slnd,SFA,2,LEFT,False
2548369,A&M-Corpus Christi,SFA,1425.0,SFA,3pt,jumpshot,False,LEFT,23.724,atb3,tok3,2025,A&M-Corpus Christi,2025,Slnd,SFA,2,LEFT,False
2548369,A&M-Corpus Christi,SFA,1903.0,SFA,3pt,jumpshot,False,LEFT,23.718,c3,lc3,2025,A&M-Corpus Christi,2025,Slnd,SFA,2,LEFT,False
2548369,A&M-Corpus Christi,SFA,221.0,SFA,3pt,jumpshot,True,RIGHT,24.167,atb3,tok3,2025,A&M-Corpus Christi,2025,Slnd,SFA,1,RIGHT,False
2548369,A&M-Corpus Christi,SFA,768.0,SFA,2pt,jumpshot,True,RIGHT,13.646,mid2,lb2,2025,A&M-Corpus Christi,2025,Slnd,SFA,1,RIGHT,False
2548369,A&M-Corpus Christi,SFA,1196.9,SFA,3pt,jumpshot,False,RIGHT,23.364,atb3,lw3,2025,A&M-Corpus Christi,2025,Slnd,SFA,1,RIGHT,False
2548369,A&M-Corpus Christi,SFA,2261.0,SFA,2pt,turnaroundjumpshot,True,LEFT,11.451,paint2,paint2,2025,A&M-Corpus Christi,2025,Slnd,SFA,2,LEFT,False
2548369,A&M-Corpus Christi,SFA,2375.6,SFA,3pt,jumpshot,True,LEFT,24.366,atb3,rw3,2025,A&M-Corpus Christi,2025,Slnd,SFA,2,LEFT,False
2549281,A&M-Corpus Christi,UTRGV,66.0,UTRGV,2pt,jumpshot,False,RIGHT,9.086,mid2,rb2,2025,A&M-Corpus Christi,2025,Slnd,SFA,1,RIGHT,False
2549281,A&M-Corpus Christi,UTRGV,146.0,UTRGV,3pt,jumpshot,False,RIGHT,23.849,atb3,lw3,2025,A&M-Corpus Christi,2025,Slnd,SFA,1,RIGHT,False
2549281,A&M-Corpus Christi,UTRGV,225.0,UTRGV,3pt,jumpshot,False,RIGHT,23.609,c3,rc3,2025,A&M-Corpus Christi,2025,Slnd,SFA,1,RIGHT,False
2549281,A&M-Corpus Christi,UTRGV,639.0,UTRGV,2pt,jumpshot,False,RIGHT,19.483,mid2,le2,2025,A&M-Corpus Christi,2025,Slnd,SFA,1,RIGHT,False
2549281,A&M-Corpus Christi,UTRGV,775.0,UTRGV,3pt,jumpshot,False,RIGHT,23.648,atb3,lw3,2025,A&M-Corpus Christi,2025,Slnd,SFA,1,RIGHT,False
2549281,A&M-Corpus Christi,UTRGV,857.0,UTRGV,3pt,jumpshot,False,RIGHT,24.872,atb3,tok3,2025,A&M-Corpus Christi,2025,Slnd,SFA,1,RIGHT,False
2549281,A&M-Corpus Christi,UTRGV,2012.0,UTRGV,3pt,jumpshot,True,LEFT,22.971,atb3,tok3,2025,A&M-Corpus Christi,2025,Slnd,SFA,2,LEFT,False
2549281,A&M-Corpus Christi,UTRGV,2399.4,UTRGV,3pt,jumpshot,False,LEFT,25.47,atb3,rw3,2025,A&M-Corpus Christi,2025,Slnd,SFA,2,LEFT,False
2347254,A&M-Corpus Christi,East Texas A&M,241.0,East Texas A&M,2pt,floatingjumpshot,False,RIGHT,11.766,paint2,paint2,2024,A&M-Corpus Christi,2024,Slnd,McNeese,1,RIGHT,False
2347254,A&M-Corpus Christi,East Texas A&M,432.0,East Texas A&M,3pt,jumpshot,False,RIGHT,25.504,atb3,lw3,2024,A&M-Corpus Christi,2024,Slnd,McNeese,1,RIGHT,False
2347254,A&M-Corpus Christi,East Texas A&M,467.0,East Texas A&M,3pt,jumpshot,False,RIGHT,23.704,atb3,lw3,2024,A&M-Corpus Christi,2024,Slnd,McNeese,1,RIGHT,False
2347254,A&M-Corpus Christi,East Texas A&M,609.0,East Texas A&M,3pt,jumpshot,True,RIGHT,23.003,c3,rc3,2024,A&M-Corpus Christi,2024,Slnd,McNeese,1,RIGHT,False
2347254,A&M-Corpus Christi,East Texas A&M,722.0,East Texas A&M,3pt,jumpshot,False,RIGHT,23.112,c3,lc3,2024,A&M-Corpus Christi,2024,Slnd,McNeese,1,RIGHT,False
2347254,A&M-Corpus Christi,East Texas A&M,937.0,East Texas A&M,3pt,jumpshot,True,RIGHT,24.201,atb3,rw3,2024,A&M-Corpus Christi,2024,Slnd,McNeese,1,RIGHT,False
2347254,A&M-Corpus Christi,East Texas A&M,1682.0,East Texas A&M,3pt,jumpshot,True,LEFT,24.831,atb3,tok3,2024,A&M-Corpus Christi,2024,Slnd,McNeese,2,LEFT,False
1992070,A&M-Corpus Christi,Northwestern St.,149.0,Northwestern St.,3pt,jumpshot,False,RIGHT,24.006,c3,rc3,2022,A&M-Corpus Christi,2022,Slnd,Nicholls,1,RIGHT,False
1992070,A&M-Corpus Christi,Northwestern St.,182.0,Northwestern St.,2pt,jumpshot,False,RIGHT,9.61,mid2,lb2,2022,A&M-Corpus Christi,2022,Slnd,Nicholls,1,RIGHT,False
1992070,A&M-Corpus Christi,Northwestern St.,189.0,Northwestern St.,3pt,jumpshot,False,RIGHT,26.079,atb3,tok3,2022,A&M-Corpus Christi,2022,Slnd,Nicholls,1,RIGHT,False
1992070,A&M-Corpus Christi,Northwestern St.,216.0,Northwestern St.,2pt,jumpshot,True,RIGHT,18.706,mid2,rb2,2022,A&M-Corpus Christi,2022,Slnd,Nicholls,1,RIGHT,False
1992070,A&M-Corpus Christi,Northwestern St.,340.0,Northwestern St.,3pt,jumpshot,False,RIGHT,24.573,atb3,lw3,2022,A&M-Corpus Christi,2022,Slnd,Nicholls,1,RIGHT,False
1992070,A&M-Corpus Christi,Northwestern St.,404.0,Northwestern St.,3pt,jumpshot,False,RIGHT,24.294,atb3,lw3,2022,A&M-Corpus Christi,2022,Slnd,Nicholls,1,RIGHT,False
1992070,A&M-Corpus Christi,Northwestern St.,473.0,Northwestern St.,2pt,jumpshot,True,RIGHT,17.647,mid2,rb2,2022,A&M-Corpus Christi,2022,Slnd,Nicholls,1,RIGHT,False
1992070,A&M-Corpus Christi,Northwestern St.,510.0,Northwestern St.,2pt,jumpshot,True,RIGHT,8.158,mid2,lb2,2022,A&M-Corpus Christi,2022,Slnd,Nicholls,1,RIGHT,False
1992070,A&M-Corpus Christi,Northwestern St.,571.0,Northwestern St.,2pt,jumpshot,False,RIGHT,13.565,paint2,paint2,2022,A&M-Corpus Christi,2022,Slnd,Nicholls,1,RIGHT,False
1992070,A&M-Corpus Christi,Northwestern St.,625.0,Northwestern St.,3pt,jumpshot,False,RIGHT,25.357,atb3,tok3,2022,A&M-Corpus Christi,2022,Slnd,Nicholls,1,RIGHT,False
1992070,A&M-Corpus Christi,Northwestern St.,656.0,Northwestern St.,3pt,jumpshot,False,RIGHT,23.6,atb3,lw3,2022,A&M-Corpus Christi,2022,Slnd,Nicholls,1,RIGHT,False
1992070,A&M-Corpus Christi,Northwestern St.,718.0,Northwestern St.,3pt,jumpshot,True,RIGHT,23.243,atb3,lw3,2022,A&M-Corpus Christi,2022,Slnd,Nicholls,1,RIGHT,False
1992070,A&M-Corpus Christi,Northwestern St.,814.0,Northwestern St.,2pt,jumpshot,True,RIGHT,13.582,mid2,lb2,2022,A&M-Corpus Christi,2022,Slnd,Nicholls,1,RIGHT,False
1992070,A&M-Corpus Christi,Northwestern St.,1101.0,Northwestern St.,2pt,jumpshot,True,RIGHT,13.012,mid2,rb2,2022,A&M-Corpus Christi,2022,Slnd,Nicholls,1,RIGHT,False
1992070,A&M-Corpus Christi,Northwestern St.,1172.1,Northwestern St.,3pt,jumpshot,False,RIGHT,23.538,c3,rc3,2022,A&M-Corpus Christi,2022,Slnd,Nicholls,1,RIGHT,False
1992070,A&M-Corpus Christi,Northwestern St.,1192.0,Northwestern St.,3pt,jumpshot,True,RIGHT,26.079,atb3,tok3,2022,A&M-Corpus Christi,2022,Slnd,Nicholls,1,RIGHT,False
1992070,A&M-Corpus Christi,Northwestern St.,1553.0,Northwestern St.,3pt,jumpshot,False,LEFT,25.312,atb3,rw3,2022,A&M-Corpus Christi,2022,Slnd,Nicholls,2,LEFT,False
1992070,A&M-Corpus Christi,Northwestern St.,1573.0,Northwestern St.,3pt,jumpshot,True,LEFT,23.038,c3,rc3,2022,A&M-Corpus Christi,2022,Slnd,Nicholls,2,LEFT,False
1992070,A&M-Corpus Christi,Northwestern St.,1644.0,Northwestern St.,2pt,jumpshot,False,LEFT,20.153,mid2,rb2,2022,A&M-Corpus Christi,2022,Slnd,Nicholls,2,LEFT,False
1992070,A&M-Corpus Christi,Northwestern St.,1800.0,Northwestern St.,2pt,jumpshot,False,LEFT,18.387,mid2,le2,2022,A&M-Corpus Christi,2022,Slnd,Nicholls,2,LEFT,False
1992070,A&M-Corpus Christi,Northwestern St.,2076.0,Northwestern St.,2pt,jumpshot,True,LEFT,15.193,mid2,rb2,2022,A&M-Corpus Christi,2022,Slnd,Nicholls,2,LEFT,False
1992070,A&M-Corpus Christi,Northwestern St.,2153.0,Northwestern St.,3pt,jumpshot,True,LEFT,24.029,atb3,rw3,2022,A&M-Corpus Christi,2022,Slnd,Nicholls,2,LEFT,False
1992070,A&M-Corpus Christi,Northwestern St.,2311.0,Northwestern St.,3pt,jumpshot,False,LEFT,24.606,atb3,lw3,2022,A&M-Corpus Christi,2022,Slnd,Nicholls,2,LEFT,False
1992070,A&M-Corpus Christi,Northwestern St.,2344.8,Northwestern St.,3pt,jumpshot,True,LEFT,24.025,atb3,rw3,2022,A&M-Corpus Christi,2022,Slnd,Nicholls,2,LEFT,False
1992070,A&M-Corpus Christi,Northwestern St.,2390.5,Northwestern St.,3pt,jumpshot,False,LEFT,24.536,c3,lc3,2022,A&M-Corpus Christi,2022,Slnd,Nicholls,2,LEFT,False
1992070,A&M-Corpus Christi,Northwestern St.,2398.5,Northwestern St.,3pt,jumpshot,False,LEFT,33.01,heave3,heave3,2022,A&M-Corpus Christi,2022,Slnd,Nicholls,2,LEFT,False
2190799,A&M-Corpus Christi,New Orleans,48.0,New Orleans,3pt,jumpshot,True,RIGHT,23.538,c3,lc3,2023,A&M-Corpus Christi,2023,Slnd,Nicholls,1,RIGHT,False
2190799,A&M-Corpus Christi,New Orleans,114.0,New Orleans,3pt,jumpshot,False,RIGHT,23.713,atb3,lw3,2023,A&M-Corpus Christi,2023,Slnd,Nicholls,1,RIGHT,False
2190799,A&M-Corpus Christi,New Orleans,400.0,New Orleans,2pt,jumpshot,True,RIGHT,10.73,paint2,paint2,2023,A&M-Corpus Christi,2023,Slnd,Nicholls,1,RIGHT,False
2190799,A&M-Corpus Christi,New Orleans,983.0,New Orleans,2pt,jumpshot,False,RIGHT,18.32,mid2,re2,2023,A&M-Corpus Christi,2023,Slnd,Nicholls,1,RIGHT,False
2190799,A&M-Corpus Christi,New Orleans,1235.0,New Orleans,2pt,jumpshot,False,LEFT,16.167,mid2,rb2,2023,A&M-Corpus Christi,2023,Slnd,Nicholls,2,LEFT,False
2190799,A&M-Corpus Christi,New Orleans,1337.0,New Orleans,2pt,jumpshot,True,LEFT,5.942,paint2,paint2,2023,A&M-Corpus Christi,2023,Slnd,Nicholls,2,LEFT,False
2190799,A&M-Corpus Christi,New Orleans,1432.0,New Orleans,2pt,jumpshot,False,LEFT,15.829,mid2,lb2,2023,A&M-Corpus Christi,2023,Slnd,Nicholls,2,LEFT,False
2190799,A&M-Corpus Christi,New Orleans,1800.0,New Orleans,2pt,jumpshot,True,LEFT,20.155,mid2,le2,2023,A&M-Corpus Christi,2023,Slnd,Nicholls,2,LEFT,False
2190799,A&M-Corpus Christi,New Orleans,2129.0,New Orleans,3pt,jumpshot,True,LEFT,26.839,atb3,tok3,2023,A&M-Corpus Christi,2023,Slnd,Nicholls,2,LEFT,False
2190799,A&M-Corpus Christi,New Orleans,2272.0,New Orleans,3pt,jumpshot,False,LEFT,24.477,atb3,rw3,2023,A&M-Corpus Christi,2023,Slnd,Nicholls,2,LEFT,False
2190799,A&M-Corpus Christi,New Orleans,2342.5,New Orleans,3pt,jumpshot,True,LEFT,23.371,c3,rc3,2023,A&M-Corpus Christi,2023,Slnd,Nicholls,2,LEFT,False
2196742,A&M-Corpus Christi,Northwestern St.,181.0,Northwestern St.,2pt,jumpshot,False,RIGHT,9.282,mid2,lb2,2023,A&M-Corpus Christi,2023,Slnd,Nicholls,1,RIGHT,False
2196742,A&M-Corpus Christi,Northwestern St.,352.0,Northwestern St.,2pt,jumpshot,True,RIGHT,16.381,mid2,le2,2023,A&M-Corpus Christi,2023,Slnd,Nicholls,1,RIGHT,False
2196742,A&M-Corpus Christi,Northwestern St.,463.0,Northwestern St.,2pt,jumpshot,False,RIGHT,20.229,mid2,re2,2023,A&M-Corpus Christi,2023,Slnd,Nicholls,1,RIGHT,False
2196742,A&M-Corpus Christi,Northwestern St.,575.0,Northwestern St.,3pt,jumpshot,False,RIGHT,24.175,atb3,tok3,2023,A&M-Corpus Christi,2023,Slnd,Nicholls,1,RIGHT,False
2196742,A&M-Corpus Christi,Northwestern St.,699.0,Northwestern St.,2pt,jumpshot,False,RIGHT,8.864,paint2,paint2,2023,A&M-Corpus Christi,2023,Slnd,Nicholls,1,RIGHT,False
2196742,A&M-Corpus Christi,Northwestern St.,727.0,Northwestern St.,2pt,jumpshot,True,RIGHT,16.987,mid2,re2,2023,A&M-Corpus Christi,2023,Slnd,Nicholls,1,RIGHT,False
2196742,A&M-Corpus Christi,Northwestern St.,787.0,Northwestern St.,3pt,jumpshot,False,RIGHT,23.8,atb3,rw3,2023,A&M-Corpus Christi,2023,Slnd,Nicholls,1,RIGHT,False
2196742,A&M-Corpus Christi,Northwestern St.,814.0,Northwestern St.,2pt,jumpshot,True,RIGHT,7.359,mid2,lb2,2023,A&M-Corpus Christi,2023,Slnd,Nicholls,1,RIGHT,False
2196742,A&M-Corpus Christi,Northwestern St.,924.0,Northwestern St.,2pt,jumpshot,False,RIGHT,17.772,mid2,re2,2023,A&M-Corpus Christi,2023,Slnd,Nicholls,1,RIGHT,False
2196742,A&M-Corpus Christi,Northwestern St.,1121.0,Northwestern St.,2pt,jumpshot,True,RIGHT,13.872,mid2,re2,2023,A&M-Corpus Christi,2023,Slnd,Nicholls,1,RIGHT,False
2196742,A&M-Corpus Christi,Northwestern St.,1258.0,Northwestern St.,2pt,jumpshot,True,LEFT,15.217,mid2,lb2,2023,A&M-Corpus Christi,2023,Slnd,Nicholls,2,LEFT,False
2196742,A&M-Corpus Christi,Northwestern St.,1330.0,Northwestern St.,3pt,jumpshot,False,LEFT,24.63,atb3,lw3,2023,A&M-Corpus Christi,2023,Slnd,Nicholls,2,LEFT,False
2196742,A&M-Corpus Christi,Northwestern St.,1561.0,Northwestern St.,2pt,jumpshot,False,LEFT,19.197,mid2,re2,2023,A&M-Corpus Christi,2023,Slnd,Nicholls,2,LEFT,False
2196742,A&M-Corpus Christi,Northwestern St.,1610.0,Northwestern St.,3pt,jumpshot,False,LEFT,24.367,atb3,tok3,2023,A&M-Corpus Christi,2023,Slnd,Nicholls,2,LEFT,False
2196742,A&M-Corpus Christi,Northwestern St.,1910.0,Northwestern St.,2pt,jumpshot,False,LEFT,13.358,mid2,le2,2023,A&M-Corpus Christi,2023,Slnd,Nicholls,2,LEFT,False
2196742,A&M-Corpus Christi,Northwestern St.,2203.0,Northwestern St.,2pt,jumpshot,False,LEFT,14.667,mid2,le2,2023,A&M-Corpus Christi,2023,Slnd,Nicholls,2,LEFT,False
2196742,A&M-Corpus Christi,Northwestern St.,2371.4,Northwestern St.,3pt,jumpshot,False,LEFT,25.143,atb3,rw3,2023,A&M-Corpus Christi,2023,Slnd,Nicholls,2,LEFT,False
1790586,A&M-Corpus Christi,Lamar University,17.0,Lamar University,3pt,jumpshot,False,RIGHT,23.038,c3,lc3,2021,A&M-Corpus Christi,2021,Slnd,New Orleans,1,RIGHT,False
1790586,A&M-Corpus Christi,Lamar University,175.0,Lamar University,2pt,jumpshot,False,RIGHT,4.607,paint2,paint2,2021,A&M-Corpus Christi,2021,Slnd,New Orleans,1,RIGHT,False
1790586,A&M-Corpus Christi,Lamar University,206.0,Lamar University,3pt,jumpshot,False,RIGHT,22.737,atb3,tok3,2021,A&M-Corpus Christi,2021,Slnd,New Orleans,1,RIGHT,False
1790586,A&M-Corpus Christi,Lamar University,243.0,Lamar University,2pt,jumpshot,True,RIGHT,16.088,mid2,rb2,2021,A&M-Corpus Christi,2021,Slnd,New Orleans,1,RIGHT,False
1790586,A&M-Corpus Christi,Lamar University,354.0,Lamar University,2pt,jumpshot,False,RIGHT,16.809,mid2,rb2,2021,A&M-Corpus Christi,2021,Slnd,New Orleans,1,RIGHT,False
1790586,A&M-Corpus Christi,Lamar University,375.0,Lamar University,3pt,jumpshot,False,RIGHT,23.739,atb3,rw3,2021,A&M-Corpus Christi,2021,Slnd,New Orleans,1,RIGHT,False
1790586,A&M-Corpus Christi,Lamar University,387.0,Lamar University,3pt,jumpshot,True,RIGHT,23.07,atb3,lw3,2021,A&M-Corpus Christi,2021,Slnd,New Orleans,1,RIGHT,False
1790586,A&M-Corpus Christi,Lamar University,518.0,Lamar University,2pt,jumpshot,False,RIGHT,18.192,mid2,le2,2021,A&M-Corpus Christi,2021,Slnd,New Orleans,1,RIGHT,False
1790586,A&M-Corpus Christi,Lamar University,575.0,Lamar University,2pt,jumpshot,False,RIGHT,8.976,paint2,paint2,2021,A&M-Corpus Christi,2021,Slnd,New Orleans,1,RIGHT,False
1790586,A&M-Corpus Christi,Lamar University,747.0,Lamar University,3pt,jumpshot,False,RIGHT,23.635,atb3,rw3,2021,A&M-Corpus Christi,2021,Slnd,New Orleans,1,RIGHT,False
1790586,A&M-Corpus Christi,Lamar University,907.0,Lamar University,2pt,jumpshot,True,RIGHT,12.271,mid2,re2,2021,A&M-Corpus Christi,2021,Slnd,New Orleans,1,RIGHT,False
1790586,A&M-Corpus Christi,Lamar University,1244.0,Lamar University,3pt,jumpshot,False,LEFT,25.299,atb3,lw3,2021,A&M-Corpus Christi,2021,Slnd,New Orleans,2,LEFT,False
1790586,A&M-Corpus Christi,Lamar University,1440.0,Lamar University,2pt,jumpshot,False,LEFT,10.576,paint2,paint2,2021,A&M-Corpus Christi,2021,Slnd,New Orleans,2,LEFT,False
1790586,A&M-Corpus Christi,Lamar University,1901.0,Lamar University,3pt,jumpshot,True,LEFT,25.458,atb3,rw3,2021,A&M-Corpus Christi,2021,Slnd,New Orleans,2,LEFT,False
1790586,A&M-Corpus Christi,Lamar University,1949.0,Lamar University,3pt,jumpshot,False,LEFT,24.94,atb3,rw3,2021,A&M-Corpus Christi,2021,Slnd,New Orleans,2,LEFT,False
1790586,A&M-Corpus Christi,Lamar University,2190.0,Lamar University,3pt,jumpshot,False,LEFT,23.069,c3,rc3,2021,A&M-Corpus Christi,2021,Slnd,New Orleans,2,LEFT,False
1790586,A&M-Corpus Christi,Lamar University,2359.5,Lamar University,3pt,jumpshot,False,LEFT,24.019,atb3,rw3,2021,A&M-Corpus Christi,2021,Slnd,New Orleans,2,LEFT,False
2546926,A&M-Corpus Christi,Southeastern La.,40.0,Southeastern La.,2pt,jumpshot,False,RIGHT,12.696,paint2,paint2,2025,A&M-Corpus Christi,2025,Slnd,SFA,1,RIGHT,False
2546926,A&M-Corpus Christi,Southeastern La.,125.0,Southeastern La.,2pt,turnaroundjumpshot,True,RIGHT,13.358,mid2,le2,2025,A&M-Corpus Christi,2025,Slnd,SFA,1,RIGHT,False
2546926,A&M-Corpus Christi,Southeastern La.,280.0,Southeastern La.,2pt,jumpshot,False,RIGHT,18.797,mid2,le2,2025,A&M-Corpus Christi,2025,Slnd,SFA,1,RIGHT,False
2546926,A&M-Corpus Christi,Southeastern La.,312.0,Southeastern La.,2pt,jumpshot,False,RIGHT,3.522,atr2,atr2,2025,A&M-Corpus Christi,2025,Slnd,SFA,1,RIGHT,False
2546926,A&M-Corpus Christi,Southeastern La.,339.0,Southeastern La.,3pt,jumpshot,False,RIGHT,23.358,atb3,lw3,2025,A&M-Corpus Christi,2025,Slnd,SFA,1,RIGHT,False
2546926,A&M-Corpus Christi,Southeastern La.,347.0,Southeastern La.,3pt,jumpshot,False,RIGHT,23.038,c3,lc3,2025,A&M-Corpus Christi,2025,Slnd,SFA,1,RIGHT,False
2546926,A&M-Corpus Christi,Southeastern La.,407.0,Southeastern La.,2pt,jumpshot,False,RIGHT,4.269,atr2,atr2,2025,A&M-Corpus Christi,2025,Slnd,SFA,1,RIGHT,False
2546926,A&M-Corpus Christi,Southeastern La.,551.0,Southeastern La.,2pt,jumpshot,False,RIGHT,6.735,paint2,paint2,2025,A&M-Corpus Christi,2025,Slnd,SFA,1,RIGHT,False
2546926,A&M-Corpus Christi,Southeastern La.,658.0,Southeastern La.,3pt,jumpshot,False,RIGHT,24.244,atb3,rw3,2025,A&M-Corpus Christi,2025,Slnd,SFA,1,RIGHT,False
2546926,A&M-Corpus Christi,Southeastern La.,709.0,Southeastern La.,2pt,jumpshot,False,RIGHT,6.214,paint2,paint2,2025,A&M-Corpus Christi,2025,Slnd,SFA,1,RIGHT,False
2546926,A&M-Corpus Christi,Southeastern La.,738.0,Southeastern La.,2pt,jumpshot,False,RIGHT,3.543,atr2,atr2,2025,A&M-Corpus Christi,2025,Slnd,SFA,1,RIGHT,False
2546926,A&M-Corpus Christi,Southeastern La.,806.0,Southeastern La.,2pt,jumpshot,False,RIGHT,21.661,mid2,le2,2025,A&M-Corpus Christi,2025,Slnd,SFA,1,RIGHT,False
2546926,A&M-Corpus Christi,Southeastern La.,879.0,Southeastern La.,2pt,jumpshot,False,RIGHT,10.397,paint2,paint2,2025,A&M-Corpus Christi,2025,Slnd,SFA,1,RIGHT,False
2546926,A&M-Corpus Christi,Southeastern La.,986.0,Southeastern La.,2pt,jumpshot,True,RIGHT,8.296,paint2,paint2,2025,A&M-Corpus Christi,2025,Slnd,SFA,1,RIGHT,False
2546926,A&M-Corpus Christi,Southeastern La.,1053.0,Southeastern La.,2pt,jumpshot,False,RIGHT,4.394,atr2,atr2,2025,A&M-Corpus Christi,2025,Slnd,SFA,1,RIGHT,False
2546926,A&M-Corpus Christi,Southeastern La.,1091.0,Southeastern La.,3pt,jumpshot,False,RIGHT,24.433,atb3,rw3,2025,A&M-Corpus Christi,2025,Slnd,SFA,1,RIGHT,False
2546926,A&M-Corpus Christi,Southeastern La.,1224.0,Southeastern La.,2pt,jumpshot,True,LEFT,12.965,mid2,re2,2025,A&M-Corpus Christi,2025,Slnd,SFA,2,LEFT,False
2546926,A&M-Corpus Christi,Southeastern La.,1529.0,Southeastern La.,3pt,jumpshot,False,LEFT,25.189,atb3,tok3,2025,A&M-Corpus Christi,2025,Slnd,SFA,2,LEFT,False
2546926,A&M-Corpus Christi,Southeastern La.,1589.0,Southeastern La.,2pt,jumpshot,False,LEFT,12.62,paint2,paint2,2025,A&M-Corpus Christi,2025,Slnd,SFA,2,LEFT,False
2546926,A&M-Corpus Christi,Southeastern La.,1736.0,Southeastern La.,2pt,jumpshot,False,LEFT,16.517,mid2,rb2,2025,A&M-Corpus Christi,2025,Slnd,SFA,2,LEFT,False
2546926,A&M-Corpus Christi,Southeastern La.,1781.0,Southeastern La.,3pt,jumpshot,False,LEFT,24.128,atb3,lw3,2025,A&M-Corpus Christi,2025,Slnd,SFA,2,LEFT,False
2546926,A&M-Corpus Christi,Southeastern La.,1827.0,Southeastern La.,2pt,jumpshot,False,LEFT,14.331,mid2,le2,2025,A&M-Corpus Christi,2025,Slnd,SFA,2,LEFT,False
2546926,A&M-Corpus Christi,Southeastern La.,1886.0,Southeastern La.,3pt,jumpshot,True,LEFT,26.828,atb3,lw3,2025,A&M-Corpus Christi,2025,Slnd,SFA,2,LEFT,False
2546926,A&M-Corpus Christi,Southeastern La.,2320.0,Southeastern La.,2pt,jumpshot,False,LEFT,6.051,paint2,paint2,2025,A&M-Corpus Christi,2025,Slnd,SFA,2,LEFT,False
2345335,A&M-Corpus Christi,Lamar University,1269.0,Lamar University,2pt,jumpshot,False,LEFT,13.732,mid2,le2,2024,A&M-Corpus Christi,2024,Slnd,McNeese,2,LEFT,False
2345335,A&M-Corpus Christi,Lamar University,1448.0,Lamar University,3pt,jumpshot,True,LEFT,24.232,atb3,rw3,2024,A&M-Corpus Christi,2024,Slnd,McNeese,2,LEFT,False
2345335,A&M-Corpus Christi,Lamar University,1802.0,Lamar University,2pt,jumpshot,True,LEFT,5.306,paint2,paint2,2024,A&M-Corpus Christi,2024,Slnd,McNeese,2,LEFT,False
2343012,A&M-Corpus Christi,Nicholls,486.0,Nicholls,2pt,floatingjumpshot,False,RIGHT,11.451,paint2,paint2,2024,A&M-Corpus Christi,2024,Slnd,McNeese,1,RIGHT,False
2343012,A&M-Corpus Christi,Nicholls,1818.0,Nicholls,2pt,hookshot,False,LEFT,9.345,paint2,paint2,2024,A&M-Corpus Christi,2024,Slnd,McNeese,2,LEFT,False
2347254,A&M-Corpus Christi,East Texas A&M,529.0,East Texas A&M,3pt,jumpshot,False,RIGHT,24.166,atb3,rw3,2024,A&M-Corpus Christi,2024,Slnd,McNeese,1,RIGHT,False
2347254,A&M-Corpus Christi,East Texas A&M,852.0,East Texas A&M,2pt,hookshot,True,RIGHT,6.03,paint2,paint2,2024,A&M-Corpus Christi,2024,Slnd,McNeese,1,RIGHT,False
2347254,A&M-Corpus Christi,East Texas A&M,1260.0,East Texas A&M,2pt,jumpshot,True,LEFT,11.757,mid2,rb2,2024,A&M-Corpus Christi,2024,Slnd,McNeese,2,LEFT,False
2347254,A&M-Corpus Christi,East Texas A&M,2163.0,East Texas A&M,3pt,jumpshot,False,LEFT,27.693,atb3,tok3,2024,A&M-Corpus Christi,2024,Slnd,McNeese,2,LEFT,False
2551176,A&M-Corpus Christi,Nicholls,284.0,Nicholls,2pt,hookshot,False,RIGHT,6.988,paint2,paint2,2025,A&M-Corpus Christi,2025,Slnd,SFA,1,RIGHT,False
2551176,A&M-Corpus Christi,Nicholls,1122.0,Nicholls,3pt,jumpshot,False,RIGHT,24.072,atb3,rw3,2025,A&M-Corpus Christi,2025,Slnd,SFA,1,RIGHT,False
2551176,A&M-Corpus Christi,Nicholls,1539.0,Nicholls,2pt,stepbackjumpshot,True,LEFT,9.803,paint2,paint2,2025,A&M-Corpus Christi,2025,Slnd,SFA,2,LEFT,False
2551176,A&M-Corpus Christi,Nicholls,2166.0,Nicholls,3pt,jumpshot,False,LEFT,23.538,c3,rc3,2025,A&M-Corpus Christi,2025,Slnd,SFA,2,LEFT,False
2551176,A&M-Corpus Christi,Nicholls,2375.6,Nicholls,3pt,jumpshot,False,LEFT,32.2,heave3,heave3,2025,A&M-Corpus Christi,2025,Slnd,SFA,2,LEFT,False
2551176,A&M-Corpus Christi,Nicholls,2400.0,Nicholls,3pt,jumpshot,True,LEFT,25.182,atb3,lw3,2025,A&M-Corpus Christi,2025,Slnd,SFA,2,LEFT,False
2195022,A&M-Corpus Christi,Lamar University,110.0,Lamar University,2pt,jumpshot,False,RIGHT,18.681,mid2,le2,2023,A&M-Corpus Christi,2023,Slnd,Nicholls,1,RIGHT,False
2195022,A&M-Corpus Christi,Lamar University,591.0,Lamar University,2pt,jumpshot,False,RIGHT,20.006,mid2,re2,2023,A&M-Corpus Christi,2023,Slnd,Nicholls,1,RIGHT,False
2195022,A&M-Corpus Christi,Lamar University,695.0,Lamar University,3pt,jumpshot,False,RIGHT,23.199,atb3,lw3,2023,A&M-Corpus Christi,2023,Slnd,Nicholls,1,RIGHT,False
2195022,A&M-Corpus Christi,Lamar University,742.0,Lamar University,3pt,jumpshot,True,RIGHT,24.447,atb3,tok3,2023,A&M-Corpus Christi,2023,Slnd,Nicholls,1,RIGHT,False
2195022,A&M-Corpus Christi,Lamar University,898.0,Lamar University,2pt,jumpshot,True,RIGHT,19.448,mid2,re2,2023,A&M-Corpus Christi,2023,Slnd,Nicholls,1,RIGHT,False
2195022,A&M-Corpus Christi,Lamar University,1638.0,Lamar University,3pt,jumpshot,False,LEFT,23.003,c3,rc3,2023,A&M-Corpus Christi,2023,Slnd,Nicholls,2,LEFT,False
2195022,A&M-Corpus Christi,Lamar University,1759.0,Lamar University,3pt,jumpshot,True,LEFT,25.325,atb3,tok3,2023,A&M-Corpus Christi,2023,Slnd,Nicholls,2,LEFT,False
2195022,A&M-Corpus Christi,Lamar University,1970.0,Lamar University,3pt,jumpshot,False,LEFT,22.503,c3,lc3,2023,A&M-Corpus Christi,2023,Slnd,Nicholls,2,LEFT,False
2195022,A&M-Corpus Christi,Lamar University,2075.0,Lamar University,2pt,jumpshot,True,LEFT,19.127,mid2,re2,2023,A&M-Corpus Christi,2023,Slnd,Nicholls,2,LEFT,False
2195022,A&M-Corpus Christi,Lamar University,2128.0,Lamar University,2pt,jumpshot,False,LEFT,21.07,mid2,le2,2023,A&M-Corpus Christi,2023,Slnd,Nicholls,2,LEFT,False
2343012,A&M-Corpus Christi,Nicholls,104.0,Nicholls,3pt,jumpshot,True,RIGHT,23.759,atb3,lw3,2024,A&M-Corpus Christi,2024,Slnd,McNeese,1,RIGHT,False
2343012,A&M-Corpus Christi,Nicholls,1108.0,Nicholls,3pt,jumpshot,False,RIGHT,24.752,atb3,rw3,2024,A&M-Corpus Christi,2024,Slnd,McNeese,1,RIGHT,False
2343012,A&M-Corpus Christi,Nicholls,1984.0,Nicholls,3pt,jumpshot,True,LEFT,23.371,c3,lc3,2024,A&M-Corpus Christi,2024,Slnd,McNeese,2,LEFT,False
1986638,A&M-Corpus Christi,UIW,97.0,UIW,3pt,jumpshot,False,RIGHT,24.632,atb3,tok3,2022,A&M-Corpus Christi,2022,Slnd,Nicholls,1,RIGHT,False
1986638,A&M-Corpus Christi,UIW,174.0,UIW,3pt,jumpshot,False,RIGHT,24.477,atb3,rw3,2022,A&M-Corpus Christi,2022,Slnd,Nicholls,1,RIGHT,False
1986638,A&M-Corpus Christi,UIW,809.0,UIW,3pt,jumpshot,False,RIGHT,24.052,atb3,lw3,2022,A&M-Corpus Christi,2022,Slnd,Nicholls,1,RIGHT,False
1986638,A&M-Corpus Christi,UIW,918.0,UIW,3pt,jumpshot,True,RIGHT,23.538,c3,rc3,2022,A&M-Corpus Christi,2022,Slnd,Nicholls,1,RIGHT,False
1986638,A&M-Corpus Christi,UIW,1087.0,UIW,3pt,jumpshot,False,RIGHT,25.847,atb3,tok3,2022,A&M-Corpus Christi,2022,Slnd,Nicholls,1,RIGHT,False
1986638,A&M-Corpus Christi,UIW,1199.5,UIW,3pt,jumpshot,False,RIGHT,27.712,atb3,lw3,2022,A&M-Corpus Christi,2022,Slnd,Nicholls,1,RIGHT,False
1986638,A&M-Corpus Christi,UIW,1284.0,UIW,2pt,jumpshot,False,LEFT,9.767,mid2,rb2,2022,A&M-Corpus Christi,2022,Slnd,Nicholls,2,LEFT,False
1986638,A&M-Corpus Christi,UIW,2298.0,UIW,3pt,jumpshot,True,LEFT,26.872,atb3,lw3,2022,A&M-Corpus Christi,2022,Slnd,Nicholls,2,LEFT,False
2345335,A&M-Corpus Christi,Lamar University,106.0,Lamar University,2pt,turnaroundjumpshot,False,RIGHT,10.104,paint2,paint2,2024,A&M-Corpus Christi,2024,Slnd,McNeese,1,RIGHT,False
2345335,A&M-Corpus Christi,Lamar University,333.0,Lamar University,2pt,pullupjumpshot,True,RIGHT,17.052,mid2,rb2,2024,A&M-Corpus Christi,2024,Slnd,McNeese,1,RIGHT,False
2345335,A&M-Corpus Christi,Lamar University,636.0,Lamar University,2pt,floatingjumpshot,True,RIGHT,10.42,paint2,paint2,2024,A&M-Corpus Christi,2024,Slnd,McNeese,1,RIGHT,False
2345335,A&M-Corpus Christi,Lamar University,857.0,Lamar University,3pt,jumpshot,False,RIGHT,24.442,atb3,tok3,2024,A&M-Corpus Christi,2024,Slnd,McNeese,1,RIGHT,False
2345335,A&M-Corpus Christi,Lamar University,901.0,Lamar University,3pt,jumpshot,True,RIGHT,24.608,atb3,rw3,2024,A&M-Corpus Christi,2024,Slnd,McNeese,1,RIGHT,False
2345335,A&M-Corpus Christi,Lamar University,2302.0,Lamar University,2pt,hookshot,True,LEFT,6.97,paint2,paint2,2024,A&M-Corpus Christi,2024,Slnd,McNeese,2,LEFT,False
2551179,A&M-Corpus Christi,UIW,200.0,UIW,2pt,jumpshot,False,RIGHT,19.284,mid2,re2,2025,A&M-Corpus Christi,2025,Slnd,SFA,1,RIGHT,False
2551179,A&M-Corpus Christi,UIW,467.0,UIW,3pt,jumpshot,False,RIGHT,25.898,atb3,lw3,2025,A&M-Corpus Christi,2025,Slnd,SFA,1,RIGHT,False
2551179,A&M-Corpus Christi,UIW,826.0,UIW,2pt,jumpshot,True,RIGHT,9.482,mid2,rb2,2025,A&M-Corpus Christi,2025,Slnd,SFA,1,RIGHT,False
2551179,A&M-Corpus Christi,UIW,931.0,UIW,2pt,jumpshot,True,RIGHT,11.221,mid2,rb2,2025,A&M-Corpus Christi,2025,Slnd,SFA,1,RIGHT,False
2551179,A&M-Corpus Christi,UIW,1198.1,UIW,3pt,jumpshot,False,RIGHT,25.308,atb3,rw3,2025,A&M-Corpus Christi,2025,Slnd,SFA,1,RIGHT,False
2551179,A&M-Corpus Christi,UIW,1705.0,UIW,2pt,hookshot,True,LEFT,6.326,paint2,paint2,2025,A&M-Corpus Christi,2025,Slnd,SFA,2,LEFT,False
2551179,A&M-Corpus Christi,UIW,1811.0,UIW,3pt,jumpshot,False,LEFT,23.556,c3,lc3,2025,A&M-Corpus Christi,2025,Slnd,SFA,2,LEFT,False
1987734,A&M-Corpus Christi,Houston Christian,217.0,Houston Christian,3pt,jumpshot,False,RIGHT,23.038,c3,lc3,2022,A&M-Corpus Christi,2022,Slnd,Nicholls,1,RIGHT,False
1987734,A&M-Corpus Christi,Houston Christian,1082.0,Houston Christian,3pt,jumpshot,True,RIGHT,23.963,atb3,lw3,2022,A&M-Corpus Christi,2022,Slnd,Nicholls,1,RIGHT,False
1987734,A&M-Corpus Christi,Houston Christian,1726.0,Houston Christian,2pt,jumpshot,False,LEFT,17.065,mid2,rb2,2022,A&M-Corpus Christi,2022,Slnd,Nicholls,2,LEFT,False
1987734,A&M-Corpus Christi,Houston Christian,1762.0,Houston Christian,2pt,jumpshot,True,LEFT,15.328,mid2,re2,2022,A&M-Corpus Christi,2022,Slnd,Nicholls,2,LEFT,False
2551176,A&M-Corpus Christi,Nicholls,44.0,Nicholls,3pt,jumpshot,False,RIGHT,23.813,atb3,lw3,2025,A&M-Corpus Christi,2025,Slnd,SFA,1,RIGHT,False
2551176,A&M-Corpus Christi,Nicholls,348.0,Nicholls,2pt,jumpshot,False,RIGHT,11.838,paint2,paint2,2025,A&M-Corpus Christi,2025,Slnd,SFA,1,RIGHT,False
2551176,A&M-Corpus Christi,Nicholls,389.0,Nicholls,3pt,jumpshot,False,RIGHT,24.142,atb3,lw3,2025,A&M-Corpus Christi,2025,Slnd,SFA,1,RIGHT,False
2551176,A&M-Corpus Christi,Nicholls,773.0,Nicholls,3pt,jumpshot,False,RIGHT,28.143,atb3,rw3,2025,A&M-Corpus Christi,2025,Slnd,SFA,1,RIGHT,False
2551176,A&M-Corpus Christi,Nicholls,1954.0,Nicholls,3pt,jumpshot,False,LEFT,23.371,c3,lc3,2025,A&M-Corpus Christi,2025,Slnd,SFA,2,LEFT,False
2551176,A&M-Corpus Christi,Nicholls,2218.0,Nicholls,2pt,jumpshot,False,LEFT,12.699,paint2,paint2,2025,A&M-Corpus Christi,2025,Slnd,SFA,2,LEFT,False
2551176,A&M-Corpus Christi,Nicholls,2306.0,Nicholls,2pt,pullupjumpshot,True,LEFT,11.766,paint2,paint2,2025,A&M-Corpus Christi,2025,Slnd,SFA,2,LEFT,False
2549281,A&M-Corpus Christi,UTRGV,478.0,UTRGV,3pt,jumpshot,False,RIGHT,23.556,c3,lc3,2025,A&M-Corpus Christi,2025,Slnd,SFA,1,RIGHT,False
2549281,A&M-Corpus Christi,UTRGV,922.0,UTRGV,2pt,hookshot,True,RIGHT,7.722,paint2,paint2,2025,A&M-Corpus Christi,2025,Slnd,SFA,1,RIGHT,False
2549281,A&M-Corpus Christi,UTRGV,1199.8,UTRGV,3pt,jumpshot,False,RIGHT,24.547,atb3,rw3,2025,A&M-Corpus Christi,2025,Slnd,SFA,1,RIGHT,False
2549281,A&M-Corpus Christi,UTRGV,1623.0,UTRGV,3pt,jumpshot,True,LEFT,23.371,c3,rc3,2025,A&M-Corpus Christi,2025,Slnd,SFA,2,LEFT,False
2345335,A&M-Corpus Christi,Lamar University,242.0,Lamar University,3pt,jumpshot,True,RIGHT,23.21,atb3,tok3,2024,A&M-Corpus Christi,2024,Slnd,McNeese,1,RIGHT,False
2345335,A&M-Corpus Christi,Lamar University,373.0,Lamar University,3pt,jumpshot,True,RIGHT,24.654,atb3,rw3,2024,A&M-Corpus Christi,2024,Slnd,McNeese,1,RIGHT,False
2345335,A&M-Corpus Christi,Lamar University,509.0,Lamar University,3pt,jumpshot,False,RIGHT,23.362,atb3,lw3,2024,A&M-Corpus Christi,2024,Slnd,McNeese,1,RIGHT,False
2345335,A&M-Corpus Christi,Lamar University,684.0,Lamar University,2pt,jumpshot,True,RIGHT,10.834,paint2,paint2,2024,A&M-Corpus Christi,2024,Slnd,McNeese,1,RIGHT,False
2345335,A&M-Corpus Christi,Lamar University,888.0,Lamar University,2pt,jumpshot,False,RIGHT,20.229,mid2,le2,2024,A&M-Corpus Christi,2024,Slnd,McNeese,1,RIGHT,False
2345335,A&M-Corpus Christi,Lamar University,1199.1,Lamar University,2pt,turnaroundjumpshot,False,RIGHT,15.683,mid2,re2,2024,A&M-Corpus Christi,2024,Slnd,McNeese,1,RIGHT,False
2345335,A&M-Corpus Christi,Lamar University,1981.0,Lamar University,2pt,turnaroundjumpshot,False,LEFT,10.742,paint2,paint2,2024,A&M-Corpus Christi,2024,Slnd,McNeese,2,LEFT,False
1987734,A&M-Corpus Christi,Houston Christian,46.0,Houston Christian,2pt,jumpshot,False,RIGHT,11.722,mid2,rb2,2022,A&M-Corpus Christi,2022,Slnd,Nicholls,1,RIGHT,False
1987734,A&M-Corpus Christi,Houston Christian,326.0,Houston Christian,3pt,jumpshot,False,RIGHT,24.615,atb3,lw3,2022,A&M-Corpus Christi,2022,Slnd,Nicholls,1,RIGHT,False
1987734,A&M-Corpus Christi,Houston Christian,428.0,Houston Christian,3pt,jumpshot,False,RIGHT,23.048,c3,lc3,2022,A&M-Corpus Christi,2022,Slnd,Nicholls,1,RIGHT,False
1987734,A&M-Corpus Christi,Houston Christian,554.0,Houston Christian,3pt,jumpshot,True,RIGHT,24.331,atb3,rw3,2022,A&M-Corpus Christi,2022,Slnd,Nicholls,1,RIGHT,False
1987734,A&M-Corpus Christi,Houston Christian,1199.1,Houston Christian,3pt,jumpshot,False,RIGHT,24.261,c3,rc3,2022,A&M-Corpus Christi,2022,Slnd,Nicholls,1,RIGHT,False
1987734,A&M-Corpus Christi,Houston Christian,1512.0,Houston Christian,3pt,jumpshot,False,LEFT,26.096,atb3,lw3,2022,A&M-Corpus Christi,2022,Slnd,Nicholls,2,LEFT,False
1987734,A&M-Corpus Christi,Houston Christian,1944.0,Houston Christian,2pt,jumpshot,False,LEFT,10.239,paint2,paint2,2022,A&M-Corpus Christi,2022,Slnd,Nicholls,2,LEFT,False
2190799,A&M-Corpus Christi,New Orleans,315.0,New Orleans,3pt,jumpshot,False,RIGHT,23.337,atb3,lw3,2023,A&M-Corpus Christi,2023,Slnd,Nicholls,1,RIGHT,False
2190799,A&M-Corpus Christi,New Orleans,420.0,New Orleans,2pt,jumpshot,False,RIGHT,19.061,mid2,le2,2023,A&M-Corpus Christi,2023,Slnd,Nicholls,1,RIGHT,False
2190799,A&M-Corpus Christi,New Orleans,467.0,New Orleans,2pt,jumpshot,False,RIGHT,13.965,paint2,paint2,2023,A&M-Corpus Christi,2023,Slnd,Nicholls,1,RIGHT,False
2190799,A&M-Corpus Christi,New Orleans,1306.0,New Orleans,3pt,jumpshot,False,LEFT,24.294,atb3,rw3,2023,A&M-Corpus Christi,2023,Slnd,Nicholls,2,LEFT,False
1984957,A&M-Corpus Christi,Northwestern St.,29.0,Northwestern St.,3pt,jumpshot,False,RIGHT,24.997,atb3,rw3,2022,A&M-Corpus Christi,2022,Slnd,Nicholls,1,RIGHT,False
1984957,A&M-Corpus Christi,Northwestern St.,38.0,Northwestern St.,2pt,jumpshot,False,RIGHT,8.879,paint2,paint2,2022,A&M-Corpus Christi,2022,Slnd,Nicholls,1,RIGHT,False
1984957,A&M-Corpus Christi,Northwestern St.,173.0,Northwestern St.,3pt,jumpshot,False,RIGHT,25.489,atb3,rw3,2022,A&M-Corpus Christi,2022,Slnd,Nicholls,1,RIGHT,False
1984957,A&M-Corpus Christi,Northwestern St.,198.0,Northwestern St.,2pt,floatingjumpshot,True,RIGHT,11.451,paint2,paint2,2022,A&M-Corpus Christi,2022,Slnd,Nicholls,1,RIGHT,False
1984957,A&M-Corpus Christi,Northwestern St.,419.0,Northwestern St.,2pt,hookshot,True,RIGHT,10.834,paint2,paint2,2022,A&M-Corpus Christi,2022,Slnd,Nicholls,1,RIGHT,False
1984957,A&M-Corpus Christi,Northwestern St.,483.0,Northwestern St.,3pt,jumpshot,False,RIGHT,23.645,atb3,lw3,2022,A&M-Corpus Christi,2022,Slnd,Nicholls,1,RIGHT,False
1984957,A&M-Corpus Christi,Northwestern St.,545.0,Northwestern St.,2pt,jumpshot,False,RIGHT,11.757,mid2,lb2,2022,A&M-Corpus Christi,2022,Slnd,Nicholls,1,RIGHT,False
1984957,A&M-Corpus Christi,Northwestern St.,931.0,Northwestern St.,2pt,jumpshot,False,RIGHT,14.672,mid2,le2,2022,A&M-Corpus Christi,2022,Slnd,Nicholls,1,RIGHT,False
1984957,A&M-Corpus Christi,Northwestern St.,1067.0,Northwestern St.,2pt,jumpshot,True,RIGHT,19.186,mid2,le2,2022,A&M-Corpus Christi,2022,Slnd,Nicholls,1,RIGHT,False
1984957,A&M-Corpus Christi,Northwestern St.,1197.0,Northwestern St.,2pt,jumpshot,False,RIGHT,12.622,mid2,le2,2022,A&M-Corpus Christi,2022,Slnd,Nicholls,1,RIGHT,False
1984957,A&M-Corpus Christi,Northwestern St.,1257.0,Northwestern St.,3pt,jumpshot,False,LEFT,24.276,atb3,tok3,2022,A&M-Corpus Christi,2022,Slnd,Nicholls,2,LEFT,False
1984957,A&M-Corpus Christi,Northwestern St.,1279.0,Northwestern St.,2pt,jumpshot,False,LEFT,18.359,mid2,le2,2022,A&M-Corpus Christi,2022,Slnd,Nicholls,2,LEFT,False
1984957,A&M-Corpus Christi,Northwestern St.,1303.0,Northwestern St.,3pt,jumpshot,True,LEFT,23.767,atb3,rw3,2022,A&M-Corpus Christi,2022,Slnd,Nicholls,2,LEFT,False
1984957,A&M-Corpus Christi,Northwestern St.,1371.0,Northwestern St.,3pt,jumpshot,False,LEFT,24.107,c3,lc3,2022,A&M-Corpus Christi,2022,Slnd,Nicholls,2,LEFT,False
1984957,A&M-Corpus Christi,Northwestern St.,1550.0,Northwestern St.,3pt,jumpshot,False,LEFT,24.592,atb3,lw3,2022,A&M-Corpus Christi,2022,Slnd,Nicholls,2,LEFT,False
1984957,A&M-Corpus Christi,Northwestern St.,1594.0,Northwestern St.,3pt,jumpshot,False,LEFT,26.948,atb3,lw3,2022,A&M-Corpus Christi,2022,Slnd,Nicholls,2,LEFT,False
1984957,A&M-Corpus Christi,Northwestern St.,1898.0,Northwestern St.,2pt,jumpshot,False,LEFT,13.732,mid2,le2,2022,A&M-Corpus Christi,2022,Slnd,Nicholls,2,LEFT,False
1984957,A&M-Corpus Christi,Northwestern St.,1930.0,Northwestern St.,3pt,jumpshot,False,LEFT,24.493,atb3,tok3,2022,A&M-Corpus Christi,2022,Slnd,Nicholls,2,LEFT,False
1984957,A&M-Corpus Christi,Northwestern St.,2252.0,Northwestern St.,2pt,jumpshot,False,LEFT,19.19,mid2,le2,2022,A&M-Corpus Christi,2022,Slnd,Nicholls,2,LEFT,False
2033157,A&M-Corpus Christi,McNeese,200.0,McNeese,2pt,jumpshot,False,RIGHT,8.158,mid2,lb2,2022,A&M-Corpus Christi,2022,Slnd,Nicholls,1,RIGHT,False
2033157,A&M-Corpus Christi,McNeese,436.0,McNeese,2pt,jumpshot,False,RIGHT,9.841,paint2,paint2,2022,A&M-Corpus Christi,2022,Slnd,Nicholls,1,RIGHT,False
2033157,A&M-Corpus Christi,McNeese,620.0,McNeese,3pt,jumpshot,False,RIGHT,24.262,atb3,lw3,2022,A&M-Corpus Christi,2022,Slnd,Nicholls,1,RIGHT,False
2033157,A&M-Corpus Christi,McNeese,662.0,McNeese,3pt,jumpshot,True,RIGHT,24.632,atb3,tok3,2022,A&M-Corpus Christi,2022,Slnd,Nicholls,1,RIGHT,False
2033157,A&M-Corpus Christi,McNeese,879.0,McNeese,3pt,jumpshot,True,RIGHT,24.606,atb3,lw3,2022,A&M-Corpus Christi,2022,Slnd,Nicholls,1,RIGHT,False
2033157,A&M-Corpus Christi,McNeese,1069.0,McNeese,2pt,jumpshot,False,RIGHT,9.555,mid2,rb2,2022,A&M-Corpus Christi,2022,Slnd,Nicholls,1,RIGHT,False
2033157,A&M-Corpus Christi,McNeese,1120.0,McNeese,3pt,jumpshot,False,RIGHT,25.577,atb3,rw3,2022,A&M-Corpus Christi,2022,Slnd,Nicholls,1,RIGHT,False
2033157,A&M-Corpus Christi,McNeese,1521.0,McNeese,3pt,jumpshot,False,LEFT,26.92,atb3,lw3,2022,A&M-Corpus Christi,2022,Slnd,Nicholls,2,LEFT,False
2033157,A&M-Corpus Christi,McNeese,2009.0,McNeese,3pt,jumpshot,False,LEFT,25.104,atb3,rw3,2022,A&M-Corpus Christi,2022,Slnd,Nicholls,2,LEFT,False
2033157,A&M-Corpus Christi,McNeese,2029.0,McNeese,3pt,jumpshot,False,LEFT,26.35,atb3,tok3,2022,A&M-Corpus Christi,2022,Slnd,Nicholls,2,LEFT,False
2550531,A&M-Corpus Christi,Houston Christian,90.0,Houston Christian,3pt,jumpshot,False,RIGHT,24.133,atb3,lw3,2025,A&M-Corpus Christi,2025,Slnd,SFA,1,RIGHT,False
2550531,A&M-Corpus Christi,Houston Christian,111.0,Houston Christian,3pt,jumpshot,True,RIGHT,24.946,atb3,rw3,2025,A&M-Corpus Christi,2025,Slnd,SFA,1,RIGHT,False
2550531,A&M-Corpus Christi,Houston Christian,153.0,Houston Christian,3pt,jumpshot,True,RIGHT,23.898,atb3,lw3,2025,A&M-Corpus Christi,2025,Slnd,SFA,1,RIGHT,False
2550531,A&M-Corpus Christi,Houston Christian,207.0,Houston Christian,3pt,jumpshot,True,RIGHT,22.728,c3,lc3,2025,A&M-Corpus Christi,2025,Slnd,SFA,1,RIGHT,False
2550531,A&M-Corpus Christi,Houston Christian,253.0,Houston Christian,3pt,jumpshot,True,RIGHT,23.743,atb3,lw3,2025,A&M-Corpus Christi,2025,Slnd,SFA,1,RIGHT,False
2550531,A&M-Corpus Christi,Houston Christian,291.0,Houston Christian,2pt,jumpshot,False,RIGHT,15.028,mid2,re2,2025,A&M-Corpus Christi,2025,Slnd,SFA,1,RIGHT,False
2550531,A&M-Corpus Christi,Houston Christian,466.0,Houston Christian,3pt,jumpshot,False,RIGHT,24.31,atb3,tok3,2025,A&M-Corpus Christi,2025,Slnd,SFA,1,RIGHT,False
2550531,A&M-Corpus Christi,Houston Christian,682.0,Houston Christian,2pt,jumpshot,False,RIGHT,14.667,mid2,le2,2025,A&M-Corpus Christi,2025,Slnd,SFA,1,RIGHT,False
2550531,A&M-Corpus Christi,Houston Christian,743.0,Houston Christian,3pt,jumpshot,True,RIGHT,24.468,c3,lc3,2025,A&M-Corpus Christi,2025,Slnd,SFA,1,RIGHT,False
2550531,A&M-Corpus Christi,Houston Christian,789.0,Houston Christian,3pt,jumpshot,True,RIGHT,24.494,atb3,lw3,2025,A&M-Corpus Christi,2025,Slnd,SFA,1,RIGHT,False
2550531,A&M-Corpus Christi,Houston Christian,932.0,Houston Christian,2pt,jumpshot,False,RIGHT,12.226,mid2,lb2,2025,A&M-Corpus Christi,2025,Slnd,SFA,1,RIGHT,False
2550531,A&M-Corpus Christi,Houston Christian,1233.0,Houston Christian,3pt,jumpshot,False,LEFT,23.727,atb3,rw3,2025,A&M-Corpus Christi,2025,Slnd,SFA,2,LEFT,False
2550531,A&M-Corpus Christi,Houston Christian,1289.0,Houston Christian,2pt,jumpshot,True,LEFT,9.197,paint2,paint2,2025,A&M-Corpus Christi,2025,Slnd,SFA,2,LEFT,False
2550531,A&M-Corpus Christi,Houston Christian,1392.0,Houston Christian,2pt,jumpshot,False,LEFT,12.271,mid2,le2,2025,A&M-Corpus Christi,2025,Slnd,SFA,2,LEFT,False
2550531,A&M-Corpus Christi,Houston Christian,1512.0,Houston Christian,2pt,jumpshot,False,LEFT,10.776,paint2,paint2,2025,A&M-Corpus Christi,2025,Slnd,SFA,2,LEFT,False
2550531,A&M-Corpus Christi,Houston Christian,1743.0,Houston Christian,2pt,jumpshot,False,LEFT,7.041,paint2,paint2,2025,A&M-Corpus Christi,2025,Slnd,SFA,2,LEFT,False
2550531,A&M-Corpus Christi,Houston Christian,2015.0,Houston Christian,2pt,jumpshot,False,LEFT,6.988,paint2,paint2,2025,A&M-Corpus Christi,2025,Slnd,SFA,2,LEFT,False
2550531,A&M-Corpus Christi,Houston Christian,2222.0,Houston Christian,3pt,jumpshot,False,LEFT,28.821,atb3,lw3,2025,A&M-Corpus Christi,2025,Slnd,SFA,2,LEFT,False
2550531,A&M-Corpus Christi,Houston Christian,2287.0,Houston Christian,2pt,jumpshot,False,LEFT,4.845,paint2,paint2,2025,A&M-Corpus Christi,2025,Slnd,SFA,2,LEFT,False
2550531,A&M-Corpus Christi,Houston Christian,2326.0,Houston Christian,3pt,jumpshot,False,LEFT,24.693,atb3,rw3,2025,A&M-Corpus Christi,2025,Slnd,SFA,2,LEFT,False
2550531,A&M-Corpus Christi,Houston Christian,2333.0,Houston Christian,3pt,jumpshot,False,LEFT,26.681,atb3,lw3,2025,A&M-Corpus Christi,2025,Slnd,SFA,2,LEFT,False
2551177,A&M-Corpus Christi,McNeese,264.0,McNeese,3pt,jumpshot,True,RIGHT,24.696,atb3,rw3,2025,A&M-Corpus Christi,2025,Slnd,SFA,1,RIGHT,False
2551177,A&M-Corpus Christi,McNeese,361.0,McNeese,3pt,jumpshot,True,RIGHT,23.776,atb3,tok3,2025,A&M-Corpus Christi,2025,Slnd,SFA,1,RIGHT,False
2551177,A&M-Corpus Christi,McNeese,396.0,McNeese,3pt,jumpshot,True,RIGHT,26.383,atb3,tok3,2025,A&M-Corpus Christi,2025,Slnd,SFA,1,RIGHT,False
2551177,A&M-Corpus Christi,McNeese,444.0,McNeese,2pt,pullupjumpshot,True,RIGHT,15.368,mid2,re2,2025,A&M-Corpus Christi,2025,Slnd,SFA,1,RIGHT,False
2551177,A&M-Corpus Christi,McNeese,855.0,McNeese,3pt,jumpshot,False,RIGHT,23.933,atb3,lw3,2025,A&M-Corpus Christi,2025,Slnd,SFA,1,RIGHT,False
2551177,A&M-Corpus Christi,McNeese,890.0,McNeese,3pt,jumpshot,True,RIGHT,30.039,heave3,heave3,2025,A&M-Corpus Christi,2025,Slnd,SFA,1,RIGHT,False
2551177,A&M-Corpus Christi,McNeese,939.0,McNeese,2pt,jumpshot,False,RIGHT,6.112,paint2,paint2,2025,A&M-Corpus Christi,2025,Slnd,SFA,1,RIGHT,False
2551177,A&M-Corpus Christi,McNeese,1022.0,McNeese,2pt,jumpshot,False,RIGHT,11.751,mid2,re2,2025,A&M-Corpus Christi,2025,Slnd,SFA,1,RIGHT,False
2551177,A&M-Corpus Christi,McNeese,1055.0,McNeese,3pt,jumpshot,True,RIGHT,25.876,atb3,rw3,2025,A&M-Corpus Christi,2025,Slnd,SFA,1,RIGHT,False
2551177,A&M-Corpus Christi,McNeese,1101.0,McNeese,3pt,jumpshot,True,RIGHT,23.609,c3,rc3,2025,A&M-Corpus Christi,2025,Slnd,SFA,1,RIGHT,False
2551177,A&M-Corpus Christi,McNeese,1120.0,McNeese,3pt,jumpshot,False,RIGHT,26.239,atb3,rw3,2025,A&M-Corpus Christi,2025,Slnd,SFA,1,RIGHT,False
2551177,A&M-Corpus Christi,McNeese,1189.6,McNeese,2pt,jumpshot,False,RIGHT,11.84,paint2,paint2,2025,A&M-Corpus Christi,2025,Slnd,SFA,1,RIGHT,False
2551177,A&M-Corpus Christi,McNeese,1216.0,McNeese,3pt,jumpshot,False,LEFT,23.809,atb3,rw3,2025,A&M-Corpus Christi,2025,Slnd,SFA,2,LEFT,False
2551177,A&M-Corpus Christi,McNeese,1254.0,McNeese,2pt,jumpshot,True,LEFT,11.935,paint2,paint2,2025,A&M-Corpus Christi,2025,Slnd,SFA,2,LEFT,False
2551177,A&M-Corpus Christi,McNeese,1288.0,McNeese,3pt,jumpshot,True,LEFT,23.038,c3,lc3,2025,A&M-Corpus Christi,2025,Slnd,SFA,2,LEFT,False
2551177,A&M-Corpus Christi,McNeese,1321.0,McNeese,3pt,jumpshot,True,LEFT,25.876,atb3,lw3,2025,A&M-Corpus Christi,2025,Slnd,SFA,2,LEFT,False
2551177,A&M-Corpus Christi,McNeese,1410.0,McNeese,2pt,jumpshot,False,LEFT,11.141,paint2,paint2,2025,A&M-Corpus Christi,2025,Slnd,SFA,2,LEFT,False
2551177,A&M-Corpus Christi,McNeese,1448.0,McNeese,3pt,jumpshot,False,LEFT,23.556,c3,rc3,2025,A&M-Corpus Christi,2025,Slnd,SFA,2,LEFT,False
2551177,A&M-Corpus Christi,McNeese,1546.0,McNeese,3pt,jumpshot,False,LEFT,23.007,c3,rc3,2025,A&M-Corpus Christi,2025,Slnd,SFA,2,LEFT,False
2551177,A&M-Corpus Christi,McNeese,1716.0,McNeese,3pt,jumpshot,True,LEFT,24.356,c3,lc3,2025,A&M-Corpus Christi,2025,Slnd,SFA,2,LEFT,False
2551177,A&M-Corpus Christi,McNeese,1785.0,McNeese,2pt,jumpshot,False,LEFT,13.298,mid2,re2,2025,A&M-Corpus Christi,2025,Slnd,SFA,2,LEFT,False
2632961,A&M-Corpus Christi,Houston Christian,17.0,Houston Christian,2pt,jumpshot,False,RIGHT,4.172,atr2,atr2,2025,A&M-Corpus Christi,2025,Slnd,SFA,1,RIGHT,False
2632961,A&M-Corpus Christi,Houston Christian,434.0,Houston Christian,3pt,jumpshot,False,RIGHT,23.001,atb3,lw3,2025,A&M-Corpus Christi,2025,Slnd,SFA,1,RIGHT,False
2632961,A&M-Corpus Christi,Houston Christian,636.0,Houston Christian,3pt,jumpshot,True,RIGHT,23.754,atb3,rw3,2025,A&M-Corpus Christi,2025,Slnd,SFA,1,RIGHT,False
2632961,A&M-Corpus Christi,Houston Christian,695.0,Houston Christian,3pt,jumpshot,False,RIGHT,22.581,c3,lc3,2025,A&M-Corpus Christi,2025,Slnd,SFA,1,RIGHT,False
2632961,A&M-Corpus Christi,Houston Christian,911.0,Houston Christian,2pt,jumpshot,False,RIGHT,13.878,mid2,rb2,2025,A&M-Corpus Christi,2025,Slnd,SFA,1,RIGHT,False
2632961,A&M-Corpus Christi,Houston Christian,954.0,Houston Christian,3pt,jumpshot,False,RIGHT,23.253,atb3,tok3,2025,A&M-Corpus Christi,2025,Slnd,SFA,1,RIGHT,False
2632961,A&M-Corpus Christi,Houston Christian,1266.0,Houston Christian,2pt,jumpshot,True,LEFT,8.256,mid2,rb2,2025,A&M-Corpus Christi,2025,Slnd,SFA,2,LEFT,False
2632961,A&M-Corpus Christi,Houston Christian,1560.0,Houston Christian,3pt,jumpshot,True,LEFT,22.233,c3,rc3,2025,A&M-Corpus Christi,2025,Slnd,SFA,2,LEFT,False
2632961,A&M-Corpus Christi,Houston Christian,1775.0,Houston Christian,3pt,jumpshot,False,LEFT,23.963,atb3,lw3,2025,A&M-Corpus Christi,2025,Slnd,SFA,2,LEFT,False
2632961,A&M-Corpus Christi,Houston Christian,1968.0,Houston Christian,2pt,jumpshot,False,LEFT,15.487,mid2,re2,2025,A&M-Corpus Christi,2025,Slnd,SFA,2,LEFT,False
2632961,A&M-Corpus Christi,Houston Christian,2144.0,Houston Christian,3pt,jumpshot,False,LEFT,22.44,c3,rc3,2025,A&M-Corpus Christi,2025,Slnd,SFA,2,LEFT,False
2632961,A&M-Corpus Christi,Houston Christian,2179.0,Houston Christian,3pt,jumpshot,True,LEFT,22.117,c3,lc3,2025,A&M-Corpus Christi,2025,Slnd,SFA,2,LEFT,False
2189338,A&M-Corpus Christi,UIW,36.0,UIW,3pt,jumpshot,False,RIGHT,23.956,atb3,tok3,2023,A&M-Corpus Christi,2023,Slnd,Nicholls,1,RIGHT,False
2189338,A&M-Corpus Christi,UIW,558.0,UIW,2pt,jumpshot,True,RIGHT,17.407,mid2,re2,2023,A&M-Corpus Christi,2023,Slnd,Nicholls,1,RIGHT,False
2189338,A&M-Corpus Christi,UIW,622.0,UIW,3pt,jumpshot,False,RIGHT,25.036,atb3,rw3,2023,A&M-Corpus Christi,2023,Slnd,Nicholls,1,RIGHT,False
2189338,A&M-Corpus Christi,UIW,1239.0,UIW,3pt,jumpshot,False,LEFT,22.88,c3,rc3,2023,A&M-Corpus Christi,2023,Slnd,Nicholls,2,LEFT,False
2189338,A&M-Corpus Christi,UIW,1527.0,UIW,2pt,jumpshot,False,LEFT,8.445,paint2,paint2,2023,A&M-Corpus Christi,2023,Slnd,Nicholls,2,LEFT,False
2189338,A&M-Corpus Christi,UIW,1921.0,UIW,2pt,jumpshot,False,LEFT,11.919,paint2,paint2,2023,A&M-Corpus Christi,2023,Slnd,Nicholls,2,LEFT,False
2248471,A&M-Corpus Christi,Northwestern St.,188.0,Northwestern St.,2pt,jumpshot,False,RIGHT,14.751,mid2,rb2,2023,A&M-Corpus Christi,2023,Slnd,Nicholls,1,RIGHT,False
2248471,A&M-Corpus Christi,Northwestern St.,195.0,Northwestern St.,3pt,jumpshot,True,RIGHT,22.789,atb3,lw3,2023,A&M-Corpus Christi,2023,Slnd,Nicholls,1,RIGHT,False
2248471,A&M-Corpus Christi,Northwestern St.,223.0,Northwestern St.,3pt,jumpshot,True,RIGHT,23.337,atb3,rw3,2023,A&M-Corpus Christi,2023,Slnd,Nicholls,1,RIGHT,False
2248471,A&M-Corpus Christi,Northwestern St.,386.0,Northwestern St.,2pt,stepbackjumpshot,True,RIGHT,21.54,mid2,re2,2023,A&M-Corpus Christi,2023,Slnd,Nicholls,1,RIGHT,False
2248471,A&M-Corpus Christi,Northwestern St.,423.0,Northwestern St.,2pt,jumpshot,True,RIGHT,18.778,mid2,re2,2023,A&M-Corpus Christi,2023,Slnd,Nicholls,1,RIGHT,False
2248471,A&M-Corpus Christi,Northwestern St.,527.0,Northwestern St.,3pt,jumpshot,False,RIGHT,23.25,atb3,lw3,2023,A&M-Corpus Christi,2023,Slnd,Nicholls,1,RIGHT,False
2248471,A&M-Corpus Christi,Northwestern St.,929.0,Northwestern St.,2pt,jumpshot,True,RIGHT,18.25,mid2,le2,2023,A&M-Corpus Christi,2023,Slnd,Nicholls,1,RIGHT,False
2248471,A&M-Corpus Christi,Northwestern St.,1046.0,Northwestern St.,2pt,jumpshot,False,RIGHT,8.158,mid2,rb2,2023,A&M-Corpus Christi,2023,Slnd,Nicholls,1,RIGHT,False
2248471,A&M-Corpus Christi,Northwestern St.,1089.0,Northwestern St.,3pt,jumpshot,False,RIGHT,25.075,atb3,tok3,2023,A&M-Corpus Christi,2023,Slnd,Nicholls,1,RIGHT,False
2248471,A&M-Corpus Christi,Northwestern St.,1228.0,Northwestern St.,2pt,jumpshot,False,LEFT,16.799,mid2,re2,2023,A&M-Corpus Christi,2023,Slnd,Nicholls,2,LEFT,False
2248471,A&M-Corpus Christi,Northwestern St.,1528.0,Northwestern St.,3pt,jumpshot,True,LEFT,23.589,atb3,rw3,2023,A&M-Corpus Christi,2023,Slnd,Nicholls,2,LEFT,False
2248471,A&M-Corpus Christi,Northwestern St.,1591.0,Northwestern St.,2pt,jumpshot,False,LEFT,18.814,mid2,le2,2023,A&M-Corpus Christi,2023,Slnd,Nicholls,2,LEFT,False
2248471,A&M-Corpus Christi,Northwestern St.,1663.0,Northwestern St.,2pt,jumpshot,True,LEFT,1.33,atr2,atr2,2023,A&M-Corpus Christi,2023,Slnd,Nicholls,2,LEFT,False
2248471,A&M-Corpus Christi,Northwestern St.,1986.0,Northwestern St.,2pt,stepbackjumpshot,True,LEFT,12.699,paint2,paint2,2023,A&M-Corpus Christi,2023,Slnd,Nicholls,2,LEFT,False
2248471,A&M-Corpus Christi,Northwestern St.,2072.0,Northwestern St.,3pt,jumpshot,False,LEFT,23.499,atb3,lw3,2023,A&M-Corpus Christi,2023,Slnd,Nicholls,2,LEFT,False
2248471,A&M-Corpus Christi,Northwestern St.,2246.0,Northwestern St.,3pt,jumpshot,False,LEFT,23.222,atb3,rw3,2023,A&M-Corpus Christi,2023,Slnd,Nicholls,2,LEFT,False
2189338,A&M-Corpus Christi,UIW,174.0,UIW,3pt,jumpshot,False,RIGHT,23.835,atb3,tok3,2023,A&M-Corpus Christi,2023,Slnd,Nicholls,1,RIGHT,False
2189338,A&M-Corpus Christi,UIW,207.0,UIW,3pt,jumpshot,False,RIGHT,22.503,c3,rc3,2023,A&M-Corpus Christi,2023,Slnd,Nicholls,1,RIGHT,False
2189338,A&M-Corpus Christi,UIW,308.0,UIW,2pt,jumpshot,True,RIGHT,5.172,paint2,paint2,2023,A&M-Corpus Christi,2023,Slnd,Nicholls,1,RIGHT,False
2189338,A&M-Corpus Christi,UIW,516.0,UIW,3pt,jumpshot,False,RIGHT,23.9,atb3,lw3,2023,A&M-Corpus Christi,2023,Slnd,Nicholls,1,RIGHT,False
2189338,A&M-Corpus Christi,UIW,651.0,UIW,2pt,hookshot,True,RIGHT,5.656,paint2,paint2,2023,A&M-Corpus Christi,2023,Slnd,Nicholls,1,RIGHT,False
2189338,A&M-Corpus Christi,UIW,1015.0,UIW,3pt,jumpshot,True,RIGHT,23.266,atb3,tok3,2023,A&M-Corpus Christi,2023,Slnd,Nicholls,1,RIGHT,False
2189338,A&M-Corpus Christi,UIW,1099.0,UIW,2pt,jumpshot,True,RIGHT,10.406,paint2,paint2,2023,A&M-Corpus Christi,2023,Slnd,Nicholls,1,RIGHT,False
2189338,A&M-Corpus Christi,UIW,1563.0,UIW,3pt,jumpshot,True,LEFT,23.294,c3,rc3,2023,A&M-Corpus Christi,2023,Slnd,Nicholls,2,LEFT,False
2189338,A&M-Corpus Christi,UIW,1845.0,UIW,2pt,jumpshot,False,LEFT,19.858,mid2,le2,2023,A&M-Corpus Christi,2023,Slnd,Nicholls,2,LEFT,False
2189338,A&M-Corpus Christi,UIW,2237.0,UIW,3pt,jumpshot,False,LEFT,24.293,atb3,rw3,2023,A&M-Corpus Christi,2023,Slnd,Nicholls,2,LEFT,False
2343511,A&M-Corpus Christi,McNeese,14.0,McNeese,2pt,turnaroundjumpshot,False,RIGHT,15.082,mid2,lb2,2024,A&M-Corpus Christi,2024,Slnd,McNeese,1,RIGHT,False
2343511,A&M-Corpus Christi,McNeese,117.0,McNeese,2pt,jumpshot,False,RIGHT,8.864,paint2,paint2,2024,A&M-Corpus Christi,2024,Slnd,McNeese,1,RIGHT,False
2343511,A&M-Corpus Christi,McNeese,233.0,McNeese,2pt,jumpshot,False,RIGHT,18.923,mid2,le2,2024,A&M-Corpus Christi,2024,Slnd,McNeese,1,RIGHT,False
2343511,A&M-Corpus Christi,McNeese,357.0,McNeese,3pt,jumpshot,False,RIGHT,24.106,atb3,rw3,2024,A&M-Corpus Christi,2024,Slnd,McNeese,1,RIGHT,False
2343511,A&M-Corpus Christi,McNeese,404.0,McNeese,2pt,pullupjumpshot,True,RIGHT,8.296,paint2,paint2,2024,A&M-Corpus Christi,2024,Slnd,McNeese,1,RIGHT,False
2343511,A&M-Corpus Christi,McNeese,700.0,McNeese,3pt,jumpshot,False,RIGHT,23.371,c3,rc3,2024,A&M-Corpus Christi,2024,Slnd,McNeese,1,RIGHT,False
2343511,A&M-Corpus Christi,McNeese,766.0,McNeese,3pt,jumpshot,True,RIGHT,23.085,atb3,lw3,2024,A&M-Corpus Christi,2024,Slnd,McNeese,1,RIGHT,False
2343511,A&M-Corpus Christi,McNeese,1126.0,McNeese,3pt,jumpshot,False,RIGHT,23.472,atb3,tok3,2024,A&M-Corpus Christi,2024,Slnd,McNeese,1,RIGHT,False
2343511,A&M-Corpus Christi,McNeese,1353.0,McNeese,3pt,jumpshot,False,LEFT,23.85,atb3,rw3,2024,A&M-Corpus Christi,2024,Slnd,McNeese,2,LEFT,False
2343511,A&M-Corpus Christi,McNeese,1636.0,McNeese,3pt,jumpshot,True,LEFT,24.193,atb3,rw3,2024,A&M-Corpus Christi,2024,Slnd,McNeese,2,LEFT,False
2343511,A&M-Corpus Christi,McNeese,1812.0,McNeese,2pt,jumpshot,False,LEFT,14.851,mid2,lb2,2024,A&M-Corpus Christi,2024,Slnd,McNeese,2,LEFT,False
2343511,A&M-Corpus Christi,McNeese,1944.0,McNeese,3pt,jumpshot,True,LEFT,25.149,atb3,tok3,2024,A&M-Corpus Christi,2024,Slnd,McNeese,2,LEFT,False
2343511,A&M-Corpus Christi,McNeese,2252.0,McNeese,2pt,jumpshot,False,LEFT,19.547,mid2,re2,2024,A&M-Corpus Christi,2024,Slnd,McNeese,2,LEFT,False
1793998,A&M-Corpus Christi,UIW,426.0,UIW,2pt,jumpshot,False,RIGHT,9.086,mid2,rb2,2021,A&M-Corpus Christi,2021,Slnd,New Orleans,1,RIGHT,False
1793998,A&M-Corpus Christi,UIW,658.0,UIW,3pt,jumpshot,False,RIGHT,24.985,atb3,rw3,2021,A&M-Corpus Christi,2021,Slnd,New Orleans,1,RIGHT,False
1793998,A&M-Corpus Christi,UIW,715.0,UIW,3pt,jumpshot,False,RIGHT,23.779,atb3,tok3,2021,A&M-Corpus Christi,2021,Slnd,New Orleans,1,RIGHT,False
1793998,A&M-Corpus Christi,UIW,843.0,UIW,3pt,jumpshot,False,RIGHT,24.476,atb3,lw3,2021,A&M-Corpus Christi,2021,Slnd,New Orleans,1,RIGHT,False
1793998,A&M-Corpus Christi,UIW,916.0,UIW,3pt,jumpshot,False,RIGHT,23.038,c3,lc3,2021,A&M-Corpus Christi,2021,Slnd,New Orleans,1,RIGHT,False
1793998,A&M-Corpus Christi,UIW,1362.0,UIW,2pt,jumpshot,False,LEFT,12.965,mid2,re2,2021,A&M-Corpus Christi,2021,Slnd,New Orleans,2,LEFT,False
1793998,A&M-Corpus Christi,UIW,1538.0,UIW,2pt,jumpshot,False,LEFT,16.977,mid2,le2,2021,A&M-Corpus Christi,2021,Slnd,New Orleans,2,LEFT,False
1793998,A&M-Corpus Christi,UIW,2110.0,UIW,3pt,jumpshot,True,LEFT,24.85,atb3,tok3,2021,A&M-Corpus Christi,2021,Slnd,New Orleans,2,LEFT,False
1992952,A&M-Corpus Christi,Nicholls,76.0,Nicholls,2pt,jumpshot,False,RIGHT,17.504,mid2,rb2,2022,A&M-Corpus Christi,2022,Slnd,Nicholls,1,RIGHT,False
1992952,A&M-Corpus Christi,Nicholls,133.0,Nicholls,3pt,jumpshot,False,RIGHT,23.623,atb3,lw3,2022,A&M-Corpus Christi,2022,Slnd,Nicholls,1,RIGHT,False
1992952,A&M-Corpus Christi,Nicholls,164.0,Nicholls,3pt,jumpshot,False,RIGHT,24.304,atb3,tok3,2022,A&M-Corpus Christi,2022,Slnd,Nicholls,1,RIGHT,False
1992952,A&M-Corpus Christi,Nicholls,235.0,Nicholls,3pt,jumpshot,False,RIGHT,22.728,c3,lc3,2022,A&M-Corpus Christi,2022,Slnd,Nicholls,1,RIGHT,False
1992952,A&M-Corpus Christi,Nicholls,282.0,Nicholls,2pt,jumpshot,False,RIGHT,19.402,mid2,le2,2022,A&M-Corpus Christi,2022,Slnd,Nicholls,1,RIGHT,False
1992952,A&M-Corpus Christi,Nicholls,342.0,Nicholls,3pt,jumpshot,False,RIGHT,24.615,atb3,lw3,2022,A&M-Corpus Christi,2022,Slnd,Nicholls,1,RIGHT,False
1992952,A&M-Corpus Christi,Nicholls,398.0,Nicholls,3pt,jumpshot,False,RIGHT,22.549,c3,lc3,2022,A&M-Corpus Christi,2022,Slnd,Nicholls,1,RIGHT,False
1992952,A&M-Corpus Christi,Nicholls,448.0,Nicholls,2pt,jumpshot,True,RIGHT,20.004,mid2,rb2,2022,A&M-Corpus Christi,2022,Slnd,Nicholls,1,RIGHT,False
1992952,A&M-Corpus Christi,Nicholls,650.0,Nicholls,3pt,jumpshot,True,RIGHT,24.003,c3,rc3,2022,A&M-Corpus Christi,2022,Slnd,Nicholls,1,RIGHT,False
1992952,A&M-Corpus Christi,Nicholls,736.0,Nicholls,3pt,jumpshot,False,RIGHT,23.609,c3,rc3,2022,A&M-Corpus Christi,2022,Slnd,Nicholls,1,RIGHT,False
1992952,A&M-Corpus Christi,Nicholls,819.0,Nicholls,3pt,jumpshot,False,RIGHT,24.408,atb3,tok3,2022,A&M-Corpus Christi,2022,Slnd,Nicholls,1,RIGHT,False
1992952,A&M-Corpus Christi,Nicholls,868.0,Nicholls,3pt,jumpshot,True,RIGHT,23.435,atb3,lw3,2022,A&M-Corpus Christi,2022,Slnd,Nicholls,1,RIGHT,False
1992952,A&M-Corpus Christi,Nicholls,1004.0,Nicholls,2pt,jumpshot,False,RIGHT,18.865,mid2,le2,2022,A&M-Corpus Christi,2022,Slnd,Nicholls,1,RIGHT,False
1992952,A&M-Corpus Christi,Nicholls,1212.0,Nicholls,3pt,jumpshot,True,LEFT,24.499,atb3,rw3,2022,A&M-Corpus Christi,2022,Slnd,Nicholls,2,LEFT,False
1992952,A&M-Corpus Christi,Nicholls,1242.0,Nicholls,2pt,jumpshot,True,LEFT,5.306,paint2,paint2,2022,A&M-Corpus Christi,2022,Slnd,Nicholls,2,LEFT,False
1992952,A&M-Corpus Christi,Nicholls,1339.0,Nicholls,3pt,jumpshot,True,LEFT,24.866,atb3,lw3,2022,A&M-Corpus Christi,2022,Slnd,Nicholls,2,LEFT,False
1992952,A&M-Corpus Christi,Nicholls,1461.0,Nicholls,3pt,jumpshot,False,LEFT,24.294,atb3,rw3,2022,A&M-Corpus Christi,2022,Slnd,Nicholls,2,LEFT,False
1992952,A&M-Corpus Christi,Nicholls,1487.0,Nicholls,3pt,jumpshot,False,LEFT,27.211,atb3,lw3,2022,A&M-Corpus Christi,2022,Slnd,Nicholls,2,LEFT,False
1992952,A&M-Corpus Christi,Nicholls,1577.0,Nicholls,3pt,jumpshot,True,LEFT,23.718,c3,lc3,2022,A&M-Corpus Christi,2022,Slnd,Nicholls,2,LEFT,False
1992952,A&M-Corpus Christi,Nicholls,1724.0,Nicholls,3pt,jumpshot,False,LEFT,25.285,atb3,lw3,2022,A&M-Corpus Christi,2022,Slnd,Nicholls,2,LEFT,False
1992952,A&M-Corpus Christi,Nicholls,1771.0,Nicholls,3pt,jumpshot,True,LEFT,25.011,atb3,tok3,2022,A&M-Corpus Christi,2022,Slnd,Nicholls,2,LEFT,False
1992952,A&M-Corpus Christi,Nicholls,2131.0,Nicholls,2pt,jumpshot,False,LEFT,17.156,mid2,re2,2022,A&M-Corpus Christi,2022,Slnd,Nicholls,2,LEFT,False
1992952,A&M-Corpus Christi,Nicholls,2231.0,Nicholls,2pt,jumpshot,True,LEFT,20.581,mid2,rb2,2022,A&M-Corpus Christi,2022,Slnd,Nicholls,2,LEFT,False
1992952,A&M-Corpus Christi,Nicholls,2289.0,Nicholls,3pt,jumpshot,False,LEFT,24.894,atb3,tok3,2022,A&M-Corpus Christi,2022,Slnd,Nicholls,2,LEFT,False
2192566,A&M-Corpus Christi,Nicholls,63.0,Nicholls,3pt,jumpshot,False,RIGHT,27.65,atb3,tok3,2023,A&M-Corpus Christi,2023,Slnd,Nicholls,1,RIGHT,False
2192566,A&M-Corpus Christi,Nicholls,175.0,Nicholls,2pt,jumpshot,True,RIGHT,18.192,mid2,re2,2023,A&M-Corpus Christi,2023,Slnd,Nicholls,1,RIGHT,False
2192566,A&M-Corpus Christi,Nicholls,279.0,Nicholls,3pt,jumpshot,False,RIGHT,22.614,c3,lc3,2023,A&M-Corpus Christi,2023,Slnd,Nicholls,1,RIGHT,False
2192566,A&M-Corpus Christi,Nicholls,309.0,Nicholls,3pt,jumpshot,True,RIGHT,24.08,atb3,rw3,2023,A&M-Corpus Christi,2023,Slnd,Nicholls,1,RIGHT,False
2192566,A&M-Corpus Christi,Nicholls,907.0,Nicholls,2pt,jumpshot,False,RIGHT,18.359,mid2,re2,2023,A&M-Corpus Christi,2023,Slnd,Nicholls,1,RIGHT,False
2192566,A&M-Corpus Christi,Nicholls,1005.0,Nicholls,3pt,jumpshot,True,RIGHT,23.038,c3,rc3,2023,A&M-Corpus Christi,2023,Slnd,Nicholls,1,RIGHT,False
2192566,A&M-Corpus Christi,Nicholls,1237.0,Nicholls,2pt,jumpshot,False,LEFT,9.581,paint2,paint2,2023,A&M-Corpus Christi,2023,Slnd,Nicholls,2,LEFT,False
2192566,A&M-Corpus Christi,Nicholls,1454.0,Nicholls,3pt,jumpshot,False,LEFT,25.308,atb3,rw3,2023,A&M-Corpus Christi,2023,Slnd,Nicholls,2,LEFT,False
2192566,A&M-Corpus Christi,Nicholls,1497.0,Nicholls,3pt,jumpshot,False,LEFT,27.157,atb3,rw3,2023,A&M-Corpus Christi,2023,Slnd,Nicholls,2,LEFT,False
2192566,A&M-Corpus Christi,Nicholls,2077.0,Nicholls,2pt,jumpshot,True,LEFT,20.176,mid2,re2,2023,A&M-Corpus Christi,2023,Slnd,Nicholls,2,LEFT,False
2192566,A&M-Corpus Christi,Nicholls,2144.0,Nicholls,3pt,jumpshot,True,LEFT,25.798,atb3,tok3,2023,A&M-Corpus Christi,2023,Slnd,Nicholls,2,LEFT,False
1781098,A&M-Corpus Christi,Abilene Christian,204.0,Abilene Christian,3pt,jumpshot,False,RIGHT,23.007,c3,lc3,2021,A&M-Corpus Christi,2021,Slnd,New Orleans,1,RIGHT,False
1781098,A&M-Corpus Christi,Abilene Christian,238.0,Abilene Christian,2pt,jumpshot,True,RIGHT,10.088,mid2,rb2,2021,A&M-Corpus Christi,2021,Slnd,New Orleans,1,RIGHT,False
1781098,A&M-Corpus Christi,Abilene Christian,410.0,Abilene Christian,2pt,jumpshot,False,RIGHT,9.593,mid2,rb2,2021,A&M-Corpus Christi,2021,Slnd,New Orleans,1,RIGHT,False
1781098,A&M-Corpus Christi,Abilene Christian,732.0,Abilene Christian,3pt,jumpshot,True,RIGHT,23.227,atb3,tok3,2021,A&M-Corpus Christi,2021,Slnd,New Orleans,1,RIGHT,False
1781098,A&M-Corpus Christi,Abilene Christian,776.0,Abilene Christian,3pt,jumpshot,False,RIGHT,24.139,atb3,tok3,2021,A&M-Corpus Christi,2021,Slnd,New Orleans,1,RIGHT,False
1781098,A&M-Corpus Christi,Abilene Christian,834.0,Abilene Christian,2pt,jumpshot,False,RIGHT,10.576,paint2,paint2,2021,A&M-Corpus Christi,2021,Slnd,New Orleans,1,RIGHT,False
1781098,A&M-Corpus Christi,Abilene Christian,941.0,Abilene Christian,3pt,jumpshot,False,RIGHT,22.903,atb3,tok3,2021,A&M-Corpus Christi,2021,Slnd,New Orleans,1,RIGHT,False
1781098,A&M-Corpus Christi,Abilene Christian,979.0,Abilene Christian,3pt,jumpshot,False,RIGHT,23.526,atb3,rw3,2021,A&M-Corpus Christi,2021,Slnd,New Orleans,1,RIGHT,False
1781098,A&M-Corpus Christi,Abilene Christian,1082.0,Abilene Christian,2pt,jumpshot,True,RIGHT,10.239,paint2,paint2,2021,A&M-Corpus Christi,2021,Slnd,New Orleans,1,RIGHT,False
1781098,A&M-Corpus Christi,Abilene Christian,1154.2,Abilene Christian,2pt,jumpshot,True,RIGHT,7.833,paint2,paint2,2021,A&M-Corpus Christi,2021,Slnd,New Orleans,1,RIGHT,False
1781098,A&M-Corpus Christi,Abilene Christian,1198.1,Abilene Christian,2pt,jumpshot,False,RIGHT,16.267,mid2,re2,2021,A&M-Corpus Christi,2021,Slnd,New Orleans,1,RIGHT,False
1781098,A&M-Corpus Christi,Abilene Christian,1277.0,Abilene Christian,2pt,jumpshot,False,LEFT,9.098,mid2,rb2,2021,A&M-Corpus Christi,2021,Slnd,New Orleans,2,LEFT,False
1781098,A&M-Corpus Christi,Abilene Christian,1854.0,Abilene Christian,2pt,jumpshot,False,LEFT,5.429,paint2,paint2,2021,A&M-Corpus Christi,2021,Slnd,New Orleans,2,LEFT,False
1781098,A&M-Corpus Christi,Abilene Christian,1916.0,Abilene Christian,3pt,jumpshot,True,LEFT,23.264,atb3,rw3,2021,A&M-Corpus Christi,2021,Slnd,New Orleans,2,LEFT,False
1781098,A&M-Corpus Christi,Abilene Christian,2005.0,Abilene Christian,2pt,jumpshot,False,LEFT,11.459,mid2,rb2,2021,A&M-Corpus Christi,2021,Slnd,New Orleans,2,LEFT,False
1781098,A&M-Corpus Christi,Abilene Christian,2348.5,Abilene Christian,2pt,jumpshot,False,LEFT,8.879,paint2,paint2,2021,A&M-Corpus Christi,2021,Slnd,New Orleans,2,LEFT,False
2195022,A&M-Corpus Christi,Lamar University,851.0,Lamar University,2pt,jumpshot,True,RIGHT,14.677,mid2,lb2,2023,A&M-Corpus Christi,2023,Slnd,Nicholls,1,RIGHT,False
2195022,A&M-Corpus Christi,Lamar University,1284.0,Lamar University,3pt,jumpshot,True,LEFT,23.007,c3,lc3,2023,A&M-Corpus Christi,2023,Slnd,Nicholls,2,LEFT,False
2195022,A&M-Corpus Christi,Lamar University,1324.0,Lamar University,3pt,jumpshot,False,LEFT,23.538,c3,rc3,2023,A&M-Corpus Christi,2023,Slnd,Nicholls,2,LEFT,False
2195022,A&M-Corpus Christi,Lamar University,1381.0,Lamar University,2pt,jumpshot,True,LEFT,17.606,mid2,re2,2023,A&M-Corpus Christi,2023,Slnd,Nicholls,2,LEFT,False
2195022,A&M-Corpus Christi,Lamar University,2399.4,Lamar University,3pt,jumpshot,True,LEFT,37.493,heave3,heave3,2023,A&M-Corpus Christi,2023,Slnd,Nicholls,2,LEFT,False
2347466,A&M-Corpus Christi,Northwestern St.,39.0,Northwestern St.,2pt,jumpshot,False,RIGHT,16.552,mid2,re2,2024,A&M-Corpus Christi,2024,Slnd,McNeese,1,RIGHT,False
2347466,A&M-Corpus Christi,Northwestern St.,84.0,Northwestern St.,2pt,hookshot,False,RIGHT,8.864,paint2,paint2,2024,A&M-Corpus Christi,2024,Slnd,McNeese,1,RIGHT,False
2347466,A&M-Corpus Christi,Northwestern St.,366.0,Northwestern St.,3pt,jumpshot,False,RIGHT,22.728,c3,rc3,2024,A&M-Corpus Christi,2024,Slnd,McNeese,1,RIGHT,False
2347466,A&M-Corpus Christi,Northwestern St.,471.0,Northwestern St.,2pt,turnaroundjumpshot,False,RIGHT,13.298,mid2,le2,2024,A&M-Corpus Christi,2024,Slnd,McNeese,1,RIGHT,False
2347466,A&M-Corpus Christi,Northwestern St.,505.0,Northwestern St.,2pt,pullupjumpshot,True,RIGHT,17.245,mid2,re2,2024,A&M-Corpus Christi,2024,Slnd,McNeese,1,RIGHT,False
2347466,A&M-Corpus Christi,Northwestern St.,628.0,Northwestern St.,3pt,jumpshot,False,RIGHT,23.665,atb3,lw3,2024,A&M-Corpus Christi,2024,Slnd,McNeese,1,RIGHT,False
2347466,A&M-Corpus Christi,Northwestern St.,1094.0,Northwestern St.,2pt,floatingjumpshot,False,RIGHT,7.13,paint2,paint2,2024,A&M-Corpus Christi,2024,Slnd,McNeese,1,RIGHT,False
2347466,A&M-Corpus Christi,Northwestern St.,1163.9,Northwestern St.,3pt,jumpshot,False,RIGHT,23.659,atb3,lw3,2024,A&M-Corpus Christi,2024,Slnd,McNeese,1,RIGHT,False
2347466,A&M-Corpus Christi,Northwestern St.,1714.0,Northwestern St.,2pt,jumpshot,False,LEFT,12.811,mid2,le2,2024,A&M-Corpus Christi,2024,Slnd,McNeese,2,LEFT,False
2347466,A&M-Corpus Christi,Northwestern St.,1822.0,Northwestern St.,3pt,jumpshot,True,LEFT,24.684,atb3,tok3,2024,A&M-Corpus Christi,2024,Slnd,McNeese,2,LEFT,False
2067256,A&M-Corpus Christi,Houston Christian,207.0,Houston Christian,3pt,jumpshot,False,RIGHT,24.175,atb3,lw3,2022,A&M-Corpus Christi,2022,Slnd,Nicholls,1,RIGHT,False
2067256,A&M-Corpus Christi,Houston Christian,268.0,Houston Christian,3pt,jumpshot,False,RIGHT,25.406,atb3,rw3,2022,A&M-Corpus Christi,2022,Slnd,Nicholls,1,RIGHT,False
2067256,A&M-Corpus Christi,Houston Christian,377.0,Houston Christian,2pt,floatingjumpshot,False,RIGHT,6.214,paint2,paint2,2022,A&M-Corpus Christi,2022,Slnd,Nicholls,1,RIGHT,False
2067256,A&M-Corpus Christi,Houston Christian,406.0,Houston Christian,3pt,jumpshot,False,RIGHT,23.609,c3,rc3,2022,A&M-Corpus Christi,2022,Slnd,Nicholls,1,RIGHT,False
2067256,A&M-Corpus Christi,Houston Christian,511.0,Houston Christian,3pt,jumpshot,False,RIGHT,25.714,atb3,rw3,2022,A&M-Corpus Christi,2022,Slnd,Nicholls,1,RIGHT,False
2067256,A&M-Corpus Christi,Houston Christian,730.0,Houston Christian,3pt,jumpshot,True,RIGHT,23.371,c3,lc3,2022,A&M-Corpus Christi,2022,Slnd,Nicholls,1,RIGHT,False
2067256,A&M-Corpus Christi,Houston Christian,1056.0,Houston Christian,3pt,jumpshot,False,RIGHT,25.798,atb3,tok3,2022,A&M-Corpus Christi,2022,Slnd,Nicholls,1,RIGHT,False
2067256,A&M-Corpus Christi,Houston Christian,1169.7,Houston Christian,2pt,jumpshot,False,RIGHT,11.25,mid2,rb2,2022,A&M-Corpus Christi,2022,Slnd,Nicholls,1,RIGHT,False
2067256,A&M-Corpus Christi,Houston Christian,1289.0,Houston Christian,3pt,jumpshot,True,LEFT,24.91,atb3,tok3,2022,A&M-Corpus Christi,2022,Slnd,Nicholls,2,LEFT,False
2067256,A&M-Corpus Christi,Houston Christian,1515.0,Houston Christian,3pt,jumpshot,False,LEFT,23.538,c3,lc3,2022,A&M-Corpus Christi,2022,Slnd,Nicholls,2,LEFT,False
2067256,A&M-Corpus Christi,Houston Christian,1621.0,Houston Christian,3pt,jumpshot,False,LEFT,24.495,atb3,rw3,2022,A&M-Corpus Christi,2022,Slnd,Nicholls,2,LEFT,False
2067256,A&M-Corpus Christi,Houston Christian,2122.0,Houston Christian,2pt,jumpshot,False,LEFT,18.387,mid2,le2,2022,A&M-Corpus Christi,2022,Slnd,Nicholls,2,LEFT,False
2067256,A&M-Corpus Christi,Houston Christian,2177.0,Houston Christian,3pt,jumpshot,False,LEFT,25.529,atb3,tok3,2022,A&M-Corpus Christi,2022,Slnd,Nicholls,2,LEFT,False
2067256,A&M-Corpus Christi,Houston Christian,2296.0,Houston Christian,2pt,jumpshot,False,LEFT,17.052,mid2,rb2,2022,A&M-Corpus Christi,2022,Slnd,Nicholls,2,LEFT,False
2067256,A&M-Corpus Christi,Houston Christian,2342.6,Houston Christian,2pt,jumpshot,False,LEFT,17.616,mid2,le2,2022,A&M-Corpus Christi,2022,Slnd,Nicholls,2,LEFT,False
2192933,A&M-Corpus Christi,McNeese,440.0,McNeese,3pt,jumpshot,False,RIGHT,24.792,atb3,rw3,2023,A&M-Corpus Christi,2023,Slnd,Nicholls,1,RIGHT,False
2192933,A&M-Corpus Christi,McNeese,858.0,McNeese,3pt,jumpshot,False,RIGHT,23.112,c3,lc3,2023,A&M-Corpus Christi,2023,Slnd,Nicholls,1,RIGHT,False
2192933,A&M-Corpus Christi,McNeese,1107.0,McNeese,2pt,jumpshot,False,RIGHT,6.988,paint2,paint2,2023,A&M-Corpus Christi,2023,Slnd,Nicholls,1,RIGHT,False
2192933,A&M-Corpus Christi,McNeese,1190.9,McNeese,3pt,jumpshot,True,RIGHT,24.169,atb3,rw3,2023,A&M-Corpus Christi,2023,Slnd,Nicholls,1,RIGHT,False
2192933,A&M-Corpus Christi,McNeese,1941.0,McNeese,3pt,jumpshot,False,LEFT,24.25,atb3,lw3,2023,A&M-Corpus Christi,2023,Slnd,Nicholls,2,LEFT,False
2192933,A&M-Corpus Christi,McNeese,2283.0,McNeese,3pt,jumpshot,False,LEFT,24.291,atb3,rw3,2023,A&M-Corpus Christi,2023,Slnd,Nicholls,2,LEFT,False
2195022,A&M-Corpus Christi,Lamar University,83.0,Lamar University,3pt,jumpshot,False,RIGHT,24.899,atb3,rw3,2023,A&M-Corpus Christi,2023,Slnd,Nicholls,1,RIGHT,False
2195022,A&M-Corpus Christi,Lamar University,1999.0,Lamar University,2pt,jumpshot,False,LEFT,7.779,paint2,paint2,2023,A&M-Corpus Christi,2023,Slnd,Nicholls,2,LEFT,False
2195022,A&M-Corpus Christi,Lamar University,2183.0,Lamar University,3pt,jumpshot,False,LEFT,23.526,atb3,lw3,2023,A&M-Corpus Christi,2023,Slnd,Nicholls,2,LEFT,False
2195022,A&M-Corpus Christi,Lamar University,2215.0,Lamar University,3pt,jumpshot,False,LEFT,23.852,atb3,rw3,2023,A&M-Corpus Christi,2023,Slnd,Nicholls,2,LEFT,False
2195022,A&M-Corpus Christi,Lamar University,2365.1,Lamar University,3pt,jumpshot,False,LEFT,24.566,atb3,tok3,2023,A&M-Corpus Christi,2023,Slnd,Nicholls,2,LEFT,False
2341470,A&M-Corpus Christi,Houston Christian,83.0,Houston Christian,3pt,jumpshot,False,RIGHT,23.446,atb3,lw3,2024,A&M-Corpus Christi,2024,Slnd,McNeese,1,RIGHT,False
2341470,A&M-Corpus Christi,Houston Christian,145.0,Houston Christian,2pt,jumpshot,False,RIGHT,12.75,mid2,lb2,2024,A&M-Corpus Christi,2024,Slnd,McNeese,1,RIGHT,False
2341470,A&M-Corpus Christi,Houston Christian,495.0,Houston Christian,3pt,jumpshot,False,RIGHT,22.614,c3,rc3,2024,A&M-Corpus Christi,2024,Slnd,McNeese,1,RIGHT,False
2341470,A&M-Corpus Christi,Houston Christian,910.0,Houston Christian,3pt,jumpshot,True,RIGHT,24.265,atb3,tok3,2024,A&M-Corpus Christi,2024,Slnd,McNeese,1,RIGHT,False
2341470,A&M-Corpus Christi,Houston Christian,941.0,Houston Christian,3pt,jumpshot,False,RIGHT,23.003,c3,rc3,2024,A&M-Corpus Christi,2024,Slnd,McNeese,1,RIGHT,False
2341470,A&M-Corpus Christi,Houston Christian,1277.0,Houston Christian,2pt,jumpshot,False,LEFT,4.607,paint2,paint2,2024,A&M-Corpus Christi,2024,Slnd,McNeese,2,LEFT,False
2341470,A&M-Corpus Christi,Houston Christian,1369.0,Houston Christian,3pt,jumpshot,False,LEFT,23.538,c3,rc3,2024,A&M-Corpus Christi,2024,Slnd,McNeese,2,LEFT,False
2341470,A&M-Corpus Christi,Houston Christian,1553.0,Houston Christian,3pt,jumpshot,False,LEFT,23.556,c3,rc3,2024,A&M-Corpus Christi,2024,Slnd,McNeese,2,LEFT,False
2341470,A&M-Corpus Christi,Houston Christian,1675.0,Houston Christian,3pt,jumpshot,True,LEFT,24.593,atb3,rw3,2024,A&M-Corpus Christi,2024,Slnd,McNeese,2,LEFT,False
2341470,A&M-Corpus Christi,Houston Christian,1946.0,Houston Christian,2pt,hookshot,False,LEFT,8.159,paint2,paint2,2024,A&M-Corpus Christi,2024,Slnd,McNeese,2,LEFT,False
2341470,A&M-Corpus Christi,Houston Christian,2120.0,Houston Christian,3pt,jumpshot,False,LEFT,24.733,atb3,lw3,2024,A&M-Corpus Christi,2024,Slnd,McNeese,2,LEFT,False
2422963,A&M-Corpus Christi,Nicholls,322.0,Nicholls,3pt,jumpshot,False,RIGHT,23.994,atb3,tok3,2024,A&M-Corpus Christi,2024,Slnd,McNeese,1,RIGHT,False
2422963,A&M-Corpus Christi,Nicholls,470.0,Nicholls,2pt,jumpshot,False,RIGHT,1.538,atr2,atr2,2024,A&M-Corpus Christi,2024,Slnd,McNeese,1,RIGHT,False
2422963,A&M-Corpus Christi,Nicholls,500.0,Nicholls,3pt,jumpshot,False,RIGHT,27.811,atb3,rw3,2024,A&M-Corpus Christi,2024,Slnd,McNeese,1,RIGHT,False
2422963,A&M-Corpus Christi,Nicholls,574.0,Nicholls,3pt,jumpshot,True,RIGHT,23.994,atb3,tok3,2024,A&M-Corpus Christi,2024,Slnd,McNeese,1,RIGHT,False
2422963,A&M-Corpus Christi,Nicholls,628.0,Nicholls,3pt,jumpshot,True,RIGHT,22.804,atb3,lw3,2024,A&M-Corpus Christi,2024,Slnd,McNeese,1,RIGHT,False
2422963,A&M-Corpus Christi,Nicholls,685.0,Nicholls,3pt,jumpshot,False,RIGHT,22.789,atb3,lw3,2024,A&M-Corpus Christi,2024,Slnd,McNeese,1,RIGHT,False
2422963,A&M-Corpus Christi,Nicholls,695.0,Nicholls,3pt,jumpshot,False,RIGHT,24.499,atb3,rw3,2024,A&M-Corpus Christi,2024,Slnd,McNeese,1,RIGHT,False
2422963,A&M-Corpus Christi,Nicholls,887.0,Nicholls,2pt,jumpshot,True,RIGHT,1.548,atr2,atr2,2024,A&M-Corpus Christi,2024,Slnd,McNeese,1,RIGHT,False
2422963,A&M-Corpus Christi,Nicholls,1079.0,Nicholls,3pt,jumpshot,False,RIGHT,22.939,atb3,lw3,2024,A&M-Corpus Christi,2024,Slnd,McNeese,1,RIGHT,False
2422963,A&M-Corpus Christi,Nicholls,1120.0,Nicholls,3pt,jumpshot,False,RIGHT,22.725,atb3,lw3,2024,A&M-Corpus Christi,2024,Slnd,McNeese,1,RIGHT,False
2422963,A&M-Corpus Christi,Nicholls,1352.0,Nicholls,3pt,jumpshot,False,LEFT,24.262,atb3,lw3,2024,A&M-Corpus Christi,2024,Slnd,McNeese,2,LEFT,False
2422963,A&M-Corpus Christi,Nicholls,1487.0,Nicholls,3pt,jumpshot,True,LEFT,23.294,c3,lc3,2024,A&M-Corpus Christi,2024,Slnd,McNeese,2,LEFT,False
2422963,A&M-Corpus Christi,Nicholls,1596.0,Nicholls,2pt,turnaroundjumpshot,True,LEFT,11.84,paint2,paint2,2024,A&M-Corpus Christi,2024,Slnd,McNeese,2,LEFT,False
2422963,A&M-Corpus Christi,Nicholls,1848.0,Nicholls,2pt,jumpshot,False,LEFT,21.368,mid2,rb2,2024,A&M-Corpus Christi,2024,Slnd,McNeese,2,LEFT,False
2422963,A&M-Corpus Christi,Nicholls,1999.0,Nicholls,3pt,jumpshot,False,LEFT,23.25,atb3,rw3,2024,A&M-Corpus Christi,2024,Slnd,McNeese,2,LEFT,False
2551182,A&M-Corpus Christi,New Orleans,520.0,New Orleans,2pt,floatingjumpshot,False,RIGHT,12.035,mid2,re2,2025,A&M-Corpus Christi,2025,Slnd,SFA,1,RIGHT,False
2551182,A&M-Corpus Christi,New Orleans,819.0,New Orleans,3pt,jumpshot,True,RIGHT,23.038,c3,rc3,2025,A&M-Corpus Christi,2025,Slnd,SFA,1,RIGHT,False
2551182,A&M-Corpus Christi,New Orleans,902.0,New Orleans,3pt,jumpshot,True,RIGHT,24.931,atb3,rw3,2025,A&M-Corpus Christi,2025,Slnd,SFA,1,RIGHT,False
2551182,A&M-Corpus Christi,New Orleans,952.0,New Orleans,2pt,hookshot,False,RIGHT,7.251,paint2,paint2,2025,A&M-Corpus Christi,2025,Slnd,SFA,1,RIGHT,False
2551182,A&M-Corpus Christi,New Orleans,1335.0,New Orleans,2pt,hookshot,True,LEFT,7.405,paint2,paint2,2025,A&M-Corpus Christi,2025,Slnd,SFA,2,LEFT,False
2551182,A&M-Corpus Christi,New Orleans,1371.0,New Orleans,3pt,jumpshot,False,LEFT,24.933,atb3,rw3,2025,A&M-Corpus Christi,2025,Slnd,SFA,2,LEFT,False
2551182,A&M-Corpus Christi,New Orleans,1398.0,New Orleans,2pt,jumpshot,False,LEFT,10.73,paint2,paint2,2025,A&M-Corpus Christi,2025,Slnd,SFA,2,LEFT,False
2551182,A&M-Corpus Christi,New Orleans,1451.0,New Orleans,3pt,jumpshot,False,LEFT,24.155,atb3,lw3,2025,A&M-Corpus Christi,2025,Slnd,SFA,2,LEFT,False
2551182,A&M-Corpus Christi,New Orleans,1652.0,New Orleans,3pt,jumpshot,False,LEFT,26.09,atb3,lw3,2025,A&M-Corpus Christi,2025,Slnd,SFA,2,LEFT,False
2551182,A&M-Corpus Christi,New Orleans,1762.0,New Orleans,2pt,turnaroundjumpshot,False,LEFT,12.965,mid2,re2,2025,A&M-Corpus Christi,2025,Slnd,SFA,2,LEFT,False
2551182,A&M-Corpus Christi,New Orleans,1818.0,New Orleans,3pt,jumpshot,False,LEFT,23.096,atb3,tok3,2025,A&M-Corpus Christi,2025,Slnd,SFA,2,LEFT,False
2551182,A&M-Corpus Christi,New Orleans,1962.0,New Orleans,3pt,jumpshot,True,LEFT,25.325,atb3,rw3,2025,A&M-Corpus Christi,2025,Slnd,SFA,2,LEFT,False
2551182,A&M-Corpus Christi,New Orleans,2010.0,New Orleans,2pt,turnaroundjumpshot,False,LEFT,7.041,paint2,paint2,2025,A&M-Corpus Christi,2025,Slnd,SFA,2,LEFT,False
2551182,A&M-Corpus Christi,New Orleans,2089.0,New Orleans,2pt,jumpshot,True,LEFT,8.296,paint2,paint2,2025,A&M-Corpus Christi,2025,Slnd,SFA,2,LEFT,False
2551182,A&M-Corpus Christi,New Orleans,2166.0,New Orleans,3pt,jumpshot,False,LEFT,23.003,c3,lc3,2025,A&M-Corpus Christi,2025,Slnd,SFA,2,LEFT,False
2551182,A&M-Corpus Christi,New Orleans,2317.0,New Orleans,3pt,pullupjumpshot,False,LEFT,25.612,atb3,rw3,2025,A&M-Corpus Christi,2025,Slnd,SFA,2,LEFT,False
2551182,A&M-Corpus Christi,New Orleans,2392.4,New Orleans,2pt,jumpshot,False,LEFT,11.284,mid2,le2,2025,A&M-Corpus Christi,2025,Slnd,SFA,2,LEFT,False
2348648,A&M-Corpus Christi,UIW,93.0,UIW,2pt,turnaroundjumpshot,True,RIGHT,13.022,mid2,lb2,2024,A&M-Corpus Christi,2024,Slnd,McNeese,1,RIGHT,False
2348648,A&M-Corpus Christi,UIW,131.0,UIW,2pt,turnaroundjumpshot,False,RIGHT,13.55,paint2,paint2,2024,A&M-Corpus Christi,2024,Slnd,McNeese,1,RIGHT,False
2348648,A&M-Corpus Christi,UIW,209.0,UIW,2pt,jumpshot,True,RIGHT,15.367,mid2,lb2,2024,A&M-Corpus Christi,2024,Slnd,McNeese,1,RIGHT,False
2348648,A&M-Corpus Christi,UIW,246.0,UIW,3pt,jumpshot,False,RIGHT,25.798,atb3,tok3,2024,A&M-Corpus Christi,2024,Slnd,McNeese,1,RIGHT,False
2348648,A&M-Corpus Christi,UIW,632.0,UIW,3pt,jumpshot,False,RIGHT,24.08,atb3,rw3,2024,A&M-Corpus Christi,2024,Slnd,McNeese,1,RIGHT,False
2348648,A&M-Corpus Christi,UIW,708.0,UIW,3pt,jumpshot,False,RIGHT,24.294,atb3,lw3,2024,A&M-Corpus Christi,2024,Slnd,McNeese,1,RIGHT,False
2348648,A&M-Corpus Christi,UIW,928.0,UIW,3pt,jumpshot,False,RIGHT,23.609,c3,rc3,2024,A&M-Corpus Christi,2024,Slnd,McNeese,1,RIGHT,False
2348648,A&M-Corpus Christi,UIW,1058.0,UIW,2pt,pullupjumpshot,False,RIGHT,17.606,mid2,re2,2024,A&M-Corpus Christi,2024,Slnd,McNeese,1,RIGHT,False
2348648,A&M-Corpus Christi,UIW,1123.0,UIW,2pt,turnaroundjumpshot,True,RIGHT,19.934,mid2,rb2,2024,A&M-Corpus Christi,2024,Slnd,McNeese,1,RIGHT,False
2348648,A&M-Corpus Christi,UIW,1368.0,UIW,2pt,hookshot,False,LEFT,7.926,paint2,paint2,2024,A&M-Corpus Christi,2024,Slnd,McNeese,2,LEFT,False
2348648,A&M-Corpus Christi,UIW,1538.0,UIW,2pt,jumpshot,False,LEFT,8.256,mid2,rb2,2024,A&M-Corpus Christi,2024,Slnd,McNeese,2,LEFT,False
2348648,A&M-Corpus Christi,UIW,1688.0,UIW,2pt,turnaroundjumpshot,False,LEFT,9.634,paint2,paint2,2024,A&M-Corpus Christi,2024,Slnd,McNeese,2,LEFT,False
2348648,A&M-Corpus Christi,UIW,1869.0,UIW,3pt,jumpshot,False,LEFT,24.941,atb3,rw3,2024,A&M-Corpus Christi,2024,Slnd,McNeese,2,LEFT,False
2348648,A&M-Corpus Christi,UIW,2347.4,UIW,2pt,hookshot,False,LEFT,5.429,paint2,paint2,2024,A&M-Corpus Christi,2024,Slnd,McNeese,2,LEFT,False
1784268,A&M-Corpus Christi,SFA,76.0,SFA,3pt,jumpshot,False,RIGHT,24.833,atb3,rw3,2021,A&M-Corpus Christi,2021,Slnd,New Orleans,1,RIGHT,False
1784268,A&M-Corpus Christi,SFA,356.0,SFA,2pt,jumpshot,False,RIGHT,10.104,paint2,paint2,2021,A&M-Corpus Christi,2021,Slnd,New Orleans,1,RIGHT,False
1784268,A&M-Corpus Christi,SFA,361.0,SFA,2pt,jumpshot,True,RIGHT,5.528,paint2,paint2,2021,A&M-Corpus Christi,2021,Slnd,New Orleans,1,RIGHT,False
1784268,A&M-Corpus Christi,SFA,502.0,SFA,2pt,jumpshot,True,RIGHT,10.008,mid2,lb2,2021,A&M-Corpus Christi,2021,Slnd,New Orleans,1,RIGHT,False
1784268,A&M-Corpus Christi,SFA,1097.0,SFA,2pt,jumpshot,False,RIGHT,15.995,mid2,re2,2021,A&M-Corpus Christi,2021,Slnd,New Orleans,1,RIGHT,False
1784268,A&M-Corpus Christi,SFA,1339.0,SFA,3pt,jumpshot,True,LEFT,23.944,atb3,rw3,2021,A&M-Corpus Christi,2021,Slnd,New Orleans,2,LEFT,False
1784268,A&M-Corpus Christi,SFA,1878.0,SFA,3pt,jumpshot,False,LEFT,23.222,atb3,rw3,2021,A&M-Corpus Christi,2021,Slnd,New Orleans,2,LEFT,False
1784268,A&M-Corpus Christi,SFA,1890.0,SFA,3pt,jumpshot,False,LEFT,24.331,atb3,lw3,2021,A&M-Corpus Christi,2021,Slnd,New Orleans,2,LEFT,False
1784268,A&M-Corpus Christi,SFA,1909.0,SFA,2pt,jumpshot,True,LEFT,18.776,mid2,lb2,2021,A&M-Corpus Christi,2021,Slnd,New Orleans,2,LEFT,False
1784268,A&M-Corpus Christi,SFA,1992.0,SFA,3pt,jumpshot,False,LEFT,23.371,c3,rc3,2021,A&M-Corpus Christi,2021,Slnd,New Orleans,2,LEFT,False
1784268,A&M-Corpus Christi,SFA,2021.0,SFA,3pt,jumpshot,True,LEFT,24.52,atb3,lw3,2021,A&M-Corpus Christi,2021,Slnd,New Orleans,2,LEFT,False
1793998,A&M-Corpus Christi,UIW,87.0,UIW,2pt,jumpshot,True,RIGHT,19.846,mid2,re2,2021,A&M-Corpus Christi,2021,Slnd,New Orleans,1,RIGHT,False
1793998,A&M-Corpus Christi,UIW,208.0,UIW,3pt,jumpshot,True,RIGHT,23.85,c3,rc3,2021,A&M-Corpus Christi,2021,Slnd,New Orleans,1,RIGHT,False
1793998,A&M-Corpus Christi,UIW,807.0,UIW,3pt,jumpshot,False,RIGHT,24.985,atb3,lw3,2021,A&M-Corpus Christi,2021,Slnd,New Orleans,1,RIGHT,False
1793998,A&M-Corpus Christi,UIW,1032.0,UIW,2pt,jumpshot,False,RIGHT,15.726,mid2,le2,2021,A&M-Corpus Christi,2021,Slnd,New Orleans,1,RIGHT,False
1793998,A&M-Corpus Christi,UIW,1260.0,UIW,2pt,jumpshot,False,LEFT,16.316,mid2,le2,2021,A&M-Corpus Christi,2021,Slnd,New Orleans,2,LEFT,False
1793998,A&M-Corpus Christi,UIW,1879.0,UIW,3pt,jumpshot,True,LEFT,23.223,c3,lc3,2021,A&M-Corpus Christi,2021,Slnd,New Orleans,2,LEFT,False
1793998,A&M-Corpus Christi,UIW,1919.0,UIW,3pt,jumpshot,False,LEFT,24.238,atb3,rw3,2021,A&M-Corpus Christi,2021,Slnd,New Orleans,2,LEFT,False
1793998,A&M-Corpus Christi,UIW,2066.0,UIW,2pt,jumpshot,False,LEFT,19.302,mid2,rb2,2021,A&M-Corpus Christi,2021,Slnd,New Orleans,2,LEFT,False
2192933,A&M-Corpus Christi,McNeese,290.0,McNeese,2pt,jumpshot,False,RIGHT,16.092,mid2,re2,2023,A&M-Corpus Christi,2023,Slnd,Nicholls,1,RIGHT,False
2192933,A&M-Corpus Christi,McNeese,421.0,McNeese,2pt,jumpshot,True,RIGHT,6.415,paint2,paint2,2023,A&M-Corpus Christi,2023,Slnd,Nicholls,1,RIGHT,False
2192933,A&M-Corpus Christi,McNeese,513.0,McNeese,3pt,jumpshot,False,RIGHT,24.247,atb3,tok3,2023,A&M-Corpus Christi,2023,Slnd,Nicholls,1,RIGHT,False
2192933,A&M-Corpus Christi,McNeese,1003.0,McNeese,3pt,jumpshot,True,RIGHT,23.777,atb3,rw3,2023,A&M-Corpus Christi,2023,Slnd,Nicholls,1,RIGHT,False
2192933,A&M-Corpus Christi,McNeese,1335.0,McNeese,3pt,jumpshot,False,LEFT,24.125,atb3,rw3,2023,A&M-Corpus Christi,2023,Slnd,Nicholls,2,LEFT,False
2192933,A&M-Corpus Christi,McNeese,1823.0,McNeese,3pt,jumpshot,True,LEFT,25.47,atb3,rw3,2023,A&M-Corpus Christi,2023,Slnd,Nicholls,2,LEFT,False
2348585,A&M-Corpus Christi,New Orleans,16.0,New Orleans,3pt,jumpshot,True,RIGHT,23.537,atb3,lw3,2024,A&M-Corpus Christi,2024,Slnd,McNeese,1,RIGHT,False
2348585,A&M-Corpus Christi,New Orleans,457.0,New Orleans,3pt,pullupjumpshot,True,RIGHT,23.25,atb3,lw3,2024,A&M-Corpus Christi,2024,Slnd,McNeese,1,RIGHT,False
2348585,A&M-Corpus Christi,New Orleans,657.0,New Orleans,2pt,hookshot,True,RIGHT,5.187,paint2,paint2,2024,A&M-Corpus Christi,2024,Slnd,McNeese,1,RIGHT,False
2348585,A&M-Corpus Christi,New Orleans,805.0,New Orleans,2pt,jumpshot,False,RIGHT,6.177,paint2,paint2,2024,A&M-Corpus Christi,2024,Slnd,McNeese,1,RIGHT,False
2348585,A&M-Corpus Christi,New Orleans,853.0,New Orleans,2pt,jumpshot,False,RIGHT,14.624,paint2,paint2,2024,A&M-Corpus Christi,2024,Slnd,McNeese,1,RIGHT,False
2348585,A&M-Corpus Christi,New Orleans,1012.0,New Orleans,3pt,jumpshot,True,RIGHT,26.0,atb3,tok3,2024,A&M-Corpus Christi,2024,Slnd,McNeese,1,RIGHT,False
2348585,A&M-Corpus Christi,New Orleans,1090.0,New Orleans,2pt,jumpshot,False,RIGHT,20.106,mid2,re2,2024,A&M-Corpus Christi,2024,Slnd,McNeese,1,RIGHT,False
2348585,A&M-Corpus Christi,New Orleans,1124.0,New Orleans,3pt,jumpshot,False,RIGHT,23.403,atb3,tok3,2024,A&M-Corpus Christi,2024,Slnd,McNeese,1,RIGHT,False
2348585,A&M-Corpus Christi,New Orleans,1303.0,New Orleans,3pt,jumpshot,True,LEFT,23.459,atb3,lw3,2024,A&M-Corpus Christi,2024,Slnd,McNeese,2,LEFT,False
2348585,A&M-Corpus Christi,New Orleans,1505.0,New Orleans,2pt,pullupjumpshot,True,LEFT,12.768,paint2,paint2,2024,A&M-Corpus Christi,2024,Slnd,McNeese,2,LEFT,False
2348585,A&M-Corpus Christi,New Orleans,1616.0,New Orleans,2pt,pullupjumpshot,False,LEFT,14.331,mid2,re2,2024,A&M-Corpus Christi,2024,Slnd,McNeese,2,LEFT,False
2348585,A&M-Corpus Christi,New Orleans,1974.0,New Orleans,3pt,jumpshot,False,LEFT,27.476,atb3,lw3,2024,A&M-Corpus Christi,2024,Slnd,McNeese,2,LEFT,False
2348585,A&M-Corpus Christi,New Orleans,2385.7,New Orleans,3pt,jumpshot,False,LEFT,23.038,c3,rc3,2024,A&M-Corpus Christi,2024,Slnd,McNeese,2,LEFT,False
1786335,A&M-Corpus Christi,Sam Houston,98.0,Sam Houston,3pt,jumpshot,False,RIGHT,23.778,atb3,rw3,2021,A&M-Corpus Christi,2021,Slnd,New Orleans,1,RIGHT,False
1786335,A&M-Corpus Christi,Sam Houston,130.0,Sam Houston,2pt,jumpshot,True,RIGHT,15.822,mid2,re2,2021,A&M-Corpus Christi,2021,Slnd,New Orleans,1,RIGHT,False
1786335,A&M-Corpus Christi,Sam Houston,273.0,Sam Houston,3pt,jumpshot,False,RIGHT,25.128,atb3,rw3,2021,A&M-Corpus Christi,2021,Slnd,New Orleans,1,RIGHT,False
1786335,A&M-Corpus Christi,Sam Houston,311.0,Sam Houston,3pt,jumpshot,False,RIGHT,24.684,atb3,lw3,2021,A&M-Corpus Christi,2021,Slnd,New Orleans,1,RIGHT,False
1786335,A&M-Corpus Christi,Sam Houston,514.0,Sam Houston,3pt,jumpshot,False,RIGHT,24.333,atb3,tok3,2021,A&M-Corpus Christi,2021,Slnd,New Orleans,1,RIGHT,False
1786335,A&M-Corpus Christi,Sam Houston,602.0,Sam Houston,3pt,jumpshot,True,RIGHT,23.845,atb3,lw3,2021,A&M-Corpus Christi,2021,Slnd,New Orleans,1,RIGHT,False
1786335,A&M-Corpus Christi,Sam Houston,886.0,Sam Houston,3pt,jumpshot,True,RIGHT,23.684,atb3,tok3,2021,A&M-Corpus Christi,2021,Slnd,New Orleans,1,RIGHT,False
1786335,A&M-Corpus Christi,Sam Houston,988.0,Sam Houston,3pt,jumpshot,False,RIGHT,22.614,c3,lc3,2021,A&M-Corpus Christi,2021,Slnd,New Orleans,1,RIGHT,False
1786335,A&M-Corpus Christi,Sam Houston,1189.4,Sam Houston,2pt,jumpshot,False,RIGHT,4.163,atr2,atr2,2021,A&M-Corpus Christi,2021,Slnd,New Orleans,1,RIGHT,False
1786335,A&M-Corpus Christi,Sam Houston,1359.0,Sam Houston,2pt,jumpshot,False,LEFT,11.436,paint2,paint2,2021,A&M-Corpus Christi,2021,Slnd,New Orleans,2,LEFT,False
1786335,A&M-Corpus Christi,Sam Houston,1365.0,Sam Houston,3pt,jumpshot,True,LEFT,23.116,atb3,tok3,2021,A&M-Corpus Christi,2021,Slnd,New Orleans,2,LEFT,False
1786335,A&M-Corpus Christi,Sam Houston,1442.0,Sam Houston,2pt,jumpshot,False,LEFT,15.719,mid2,re2,2021,A&M-Corpus Christi,2021,Slnd,New Orleans,2,LEFT,False
1786335,A&M-Corpus Christi,Sam Houston,1470.0,Sam Houston,3pt,jumpshot,False,LEFT,24.045,c3,lc3,2021,A&M-Corpus Christi,2021,Slnd,New Orleans,2,LEFT,False
1786335,A&M-Corpus Christi,Sam Houston,1515.0,Sam Houston,3pt,jumpshot,True,LEFT,23.662,atb3,rw3,2021,A&M-Corpus Christi,2021,Slnd,New Orleans,2,LEFT,False
1786335,A&M-Corpus Christi,Sam Houston,1633.0,Sam Houston,3pt,jumpshot,True,LEFT,23.568,atb3,tok3,2021,A&M-Corpus Christi,2021,Slnd,New Orleans,2,LEFT,False
1786335,A&M-Corpus Christi,Sam Houston,1668.0,Sam Houston,3pt,jumpshot,True,LEFT,23.538,c3,lc3,2021,A&M-Corpus Christi,2021,Slnd,New Orleans,2,LEFT,False
1786335,A&M-Corpus Christi,Sam Houston,1988.0,Sam Houston,3pt,jumpshot,False,LEFT,25.338,atb3,rw3,2021,A&M-Corpus Christi,2021,Slnd,New Orleans,2,LEFT,False
1786335,A&M-Corpus Christi,Sam Houston,2270.0,Sam Houston,3pt,jumpshot,True,LEFT,24.364,atb3,rw3,2021,A&M-Corpus Christi,2021,Slnd,New Orleans,2,LEFT,False
2192933,A&M-Corpus Christi,McNeese,202.0,McNeese,2pt,jumpshot,False,RIGHT,12.271,mid2,re2,2023,A&M-Corpus Christi,2023,Slnd,Nicholls,1,RIGHT,False
2192933,A&M-Corpus Christi,McNeese,401.0,McNeese,3pt,jumpshot,False,RIGHT,24.608,atb3,tok3,2023,A&M-Corpus Christi,2023,Slnd,Nicholls,1,RIGHT,False
2192933,A&M-Corpus Christi,McNeese,627.0,McNeese,2pt,jumpshot,True,RIGHT,9.928,paint2,paint2,2023,A&M-Corpus Christi,2023,Slnd,Nicholls,1,RIGHT,False
2192933,A&M-Corpus Christi,McNeese,1061.0,McNeese,3pt,jumpshot,False,RIGHT,24.554,atb3,rw3,2023,A&M-Corpus Christi,2023,Slnd,Nicholls,1,RIGHT,False
2192933,A&M-Corpus Christi,McNeese,1101.0,McNeese,2pt,jumpshot,False,RIGHT,9.197,paint2,paint2,2023,A&M-Corpus Christi,2023,Slnd,Nicholls,1,RIGHT,False
2192933,A&M-Corpus Christi,McNeese,1309.0,McNeese,2pt,jumpshot,False,LEFT,11.93,mid2,le2,2023,A&M-Corpus Christi,2023,Slnd,Nicholls,2,LEFT,False
2192933,A&M-Corpus Christi,McNeese,1504.0,McNeese,2pt,jumpshot,False,LEFT,18.018,mid2,le2,2023,A&M-Corpus Christi,2023,Slnd,Nicholls,2,LEFT,False
2192933,A&M-Corpus Christi,McNeese,1614.0,McNeese,3pt,jumpshot,True,LEFT,24.795,atb3,lw3,2023,A&M-Corpus Christi,2023,Slnd,Nicholls,2,LEFT,False
2192933,A&M-Corpus Christi,McNeese,2230.0,McNeese,3pt,jumpshot,False,LEFT,24.296,atb3,tok3,2023,A&M-Corpus Christi,2023,Slnd,Nicholls,2,LEFT,False
2196471,A&M-Corpus Christi,East Texas A&M,76.0,East Texas A&M,2pt,jumpshot,False,RIGHT,13.958,mid2,rb2,2023,A&M-Corpus Christi,2023,Slnd,Nicholls,1,RIGHT,False
2196471,A&M-Corpus Christi,East Texas A&M,126.0,East Texas A&M,2pt,jumpshot,True,RIGHT,11.451,paint2,paint2,2023,A&M-Corpus Christi,2023,Slnd,Nicholls,1,RIGHT,False
2196471,A&M-Corpus Christi,East Texas A&M,463.0,East Texas A&M,3pt,jumpshot,False,RIGHT,22.887,atb3,tok3,2023,A&M-Corpus Christi,2023,Slnd,Nicholls,1,RIGHT,False
2196471,A&M-Corpus Christi,East Texas A&M,692.0,East Texas A&M,3pt,jumpshot,True,RIGHT,23.112,c3,lc3,2023,A&M-Corpus Christi,2023,Slnd,Nicholls,1,RIGHT,False
2196471,A&M-Corpus Christi,East Texas A&M,748.0,East Texas A&M,3pt,jumpshot,False,RIGHT,23.007,c3,lc3,2023,A&M-Corpus Christi,2023,Slnd,Nicholls,1,RIGHT,False
2196471,A&M-Corpus Christi,East Texas A&M,1034.0,East Texas A&M,3pt,jumpshot,True,RIGHT,23.808,atb3,tok3,2023,A&M-Corpus Christi,2023,Slnd,Nicholls,1,RIGHT,False
2196471,A&M-Corpus Christi,East Texas A&M,1479.0,East Texas A&M,2pt,jumpshot,True,LEFT,13.995,paint2,paint2,2023,A&M-Corpus Christi,2023,Slnd,Nicholls,2,LEFT,False
2196471,A&M-Corpus Christi,East Texas A&M,1909.0,East Texas A&M,3pt,jumpshot,False,LEFT,23.72,atb3,lw3,2023,A&M-Corpus Christi,2023,Slnd,Nicholls,2,LEFT,False
1780204,A&M-Corpus Christi,Southeastern La.,446.0,Southeastern La.,3pt,jumpshot,True,RIGHT,23.777,c3,rc3,2021,A&M-Corpus Christi,2021,Slnd,New Orleans,1,RIGHT,False
1780204,A&M-Corpus Christi,Southeastern La.,586.0,Southeastern La.,3pt,jumpshot,True,RIGHT,24.331,atb3,rw3,2021,A&M-Corpus Christi,2021,Slnd,New Orleans,1,RIGHT,False
1780204,A&M-Corpus Christi,Southeastern La.,797.0,Southeastern La.,3pt,jumpshot,True,RIGHT,23.038,c3,lc3,2021,A&M-Corpus Christi,2021,Slnd,New Orleans,1,RIGHT,False
1780204,A&M-Corpus Christi,Southeastern La.,818.0,Southeastern La.,3pt,jumpshot,False,RIGHT,24.294,atb3,rw3,2021,A&M-Corpus Christi,2021,Slnd,New Orleans,1,RIGHT,False
1780204,A&M-Corpus Christi,Southeastern La.,888.0,Southeastern La.,3pt,jumpshot,True,RIGHT,23.371,c3,rc3,2021,A&M-Corpus Christi,2021,Slnd,New Orleans,1,RIGHT,False
1780204,A&M-Corpus Christi,Southeastern La.,1177.8,Southeastern La.,2pt,jumpshot,False,RIGHT,10.742,paint2,paint2,2021,A&M-Corpus Christi,2021,Slnd,New Orleans,1,RIGHT,False
1780204,A&M-Corpus Christi,Southeastern La.,1183.0,Southeastern La.,3pt,jumpshot,False,RIGHT,23.038,c3,rc3,2021,A&M-Corpus Christi,2021,Slnd,New Orleans,1,RIGHT,False
1780204,A&M-Corpus Christi,Southeastern La.,1241.0,Southeastern La.,3pt,jumpshot,True,LEFT,25.814,atb3,tok3,2021,A&M-Corpus Christi,2021,Slnd,New Orleans,2,LEFT,False
1780204,A&M-Corpus Christi,Southeastern La.,1424.0,Southeastern La.,3pt,jumpshot,False,LEFT,24.941,atb3,lw3,2021,A&M-Corpus Christi,2021,Slnd,New Orleans,2,LEFT,False
1780204,A&M-Corpus Christi,Southeastern La.,1782.0,Southeastern La.,3pt,jumpshot,False,LEFT,24.09,atb3,rw3,2021,A&M-Corpus Christi,2021,Slnd,New Orleans,2,LEFT,False
1780204,A&M-Corpus Christi,Southeastern La.,1830.0,Southeastern La.,2pt,pullupjumpshot,True,LEFT,7.799,paint2,paint2,2021,A&M-Corpus Christi,2021,Slnd,New Orleans,2,LEFT,False
1780204,A&M-Corpus Christi,Southeastern La.,1855.0,Southeastern La.,2pt,jumpshot,False,LEFT,14.187,mid2,re2,2021,A&M-Corpus Christi,2021,Slnd,New Orleans,2,LEFT,False
1780204,A&M-Corpus Christi,Southeastern La.,1872.0,Southeastern La.,2pt,jumpshot,False,LEFT,11.838,paint2,paint2,2021,A&M-Corpus Christi,2021,Slnd,New Orleans,2,LEFT,False
1780204,A&M-Corpus Christi,Southeastern La.,2276.0,Southeastern La.,3pt,jumpshot,True,LEFT,26.715,atb3,tok3,2021,A&M-Corpus Christi,2021,Slnd,New Orleans,2,LEFT,False
1780204,A&M-Corpus Christi,Southeastern La.,2399.3,Southeastern La.,3pt,jumpshot,True,LEFT,23.223,c3,rc3,2021,A&M-Corpus Christi,2021,Slnd,New Orleans,2,LEFT,False
2192566,A&M-Corpus Christi,Nicholls,362.0,Nicholls,3pt,jumpshot,True,RIGHT,24.495,atb3,rw3,2023,A&M-Corpus Christi,2023,Slnd,Nicholls,1,RIGHT,False
2192566,A&M-Corpus Christi,Nicholls,509.0,Nicholls,3pt,jumpshot,True,RIGHT,23.223,c3,rc3,2023,A&M-Corpus Christi,2023,Slnd,Nicholls,1,RIGHT,False
2192566,A&M-Corpus Christi,Nicholls,624.0,Nicholls,3pt,jumpshot,True,RIGHT,24.603,atb3,lw3,2023,A&M-Corpus Christi,2023,Slnd,Nicholls,1,RIGHT,False
2192566,A&M-Corpus Christi,Nicholls,753.0,Nicholls,3pt,jumpshot,True,RIGHT,24.833,atb3,rw3,2023,A&M-Corpus Christi,2023,Slnd,Nicholls,1,RIGHT,False
2192566,A&M-Corpus Christi,Nicholls,854.0,Nicholls,3pt,jumpshot,True,RIGHT,23.506,c3,rc3,2023,A&M-Corpus Christi,2023,Slnd,Nicholls,1,RIGHT,False
2192566,A&M-Corpus Christi,Nicholls,1344.0,Nicholls,3pt,jumpshot,False,LEFT,26.883,atb3,lw3,2023,A&M-Corpus Christi,2023,Slnd,Nicholls,2,LEFT,False
2192566,A&M-Corpus Christi,Nicholls,1419.0,Nicholls,2pt,jumpshot,True,LEFT,13.876,mid2,lb2,2023,A&M-Corpus Christi,2023,Slnd,Nicholls,2,LEFT,False
2192566,A&M-Corpus Christi,Nicholls,1598.0,Nicholls,2pt,jumpshot,True,LEFT,6.629,paint2,paint2,2023,A&M-Corpus Christi,2023,Slnd,Nicholls,2,LEFT,False
2192566,A&M-Corpus Christi,Nicholls,1736.0,Nicholls,2pt,jumpshot,False,LEFT,13.243,paint2,paint2,2023,A&M-Corpus Christi,2023,Slnd,Nicholls,2,LEFT,False
2343012,A&M-Corpus Christi,Nicholls,440.0,Nicholls,2pt,stepbackjumpshot,True,RIGHT,12.811,mid2,re2,2024,A&M-Corpus Christi,2024,Slnd,McNeese,1,RIGHT,False
2343012,A&M-Corpus Christi,Nicholls,1198.0,Nicholls,2pt,jumpshot,True,RIGHT,20.509,mid2,le2,2024,A&M-Corpus Christi,2024,Slnd,McNeese,1,RIGHT,False
2343012,A&M-Corpus Christi,Nicholls,1267.0,Nicholls,3pt,jumpshot,True,LEFT,23.711,atb3,rw3,2024,A&M-Corpus Christi,2024,Slnd,McNeese,2,LEFT,False
2343012,A&M-Corpus Christi,Nicholls,1310.0,Nicholls,3pt,jumpshot,True,LEFT,23.864,c3,rc3,2024,A&M-Corpus Christi,2024,Slnd,McNeese,2,LEFT,False
2343012,A&M-Corpus Christi,Nicholls,2186.0,Nicholls,3pt,pullupjumpshot,False,LEFT,26.818,atb3,lw3,2024,A&M-Corpus Christi,2024,Slnd,McNeese,2,LEFT,False
1790794,A&M-Corpus Christi,New Orleans,278.0,New Orleans,2pt,jumpshot,False,RIGHT,16.092,mid2,re2,2021,A&M-Corpus Christi,2021,Slnd,New Orleans,1,RIGHT,False
1790794,A&M-Corpus Christi,New Orleans,457.0,New Orleans,3pt,jumpshot,False,RIGHT,24.409,atb3,rw3,2021,A&M-Corpus Christi,2021,Slnd,New Orleans,1,RIGHT,False
1790794,A&M-Corpus Christi,New Orleans,508.0,New Orleans,3pt,jumpshot,False,RIGHT,24.813,atb3,tok3,2021,A&M-Corpus Christi,2021,Slnd,New Orleans,1,RIGHT,False
1790794,A&M-Corpus Christi,New Orleans,709.0,New Orleans,3pt,jumpshot,True,RIGHT,23.362,atb3,rw3,2021,A&M-Corpus Christi,2021,Slnd,New Orleans,1,RIGHT,False
1790794,A&M-Corpus Christi,New Orleans,778.0,New Orleans,2pt,jumpshot,False,RIGHT,12.168,paint2,paint2,2021,A&M-Corpus Christi,2021,Slnd,New Orleans,1,RIGHT,False
1790794,A&M-Corpus Christi,New Orleans,881.0,New Orleans,2pt,jumpshot,True,RIGHT,16.092,mid2,re2,2021,A&M-Corpus Christi,2021,Slnd,New Orleans,1,RIGHT,False
1790794,A&M-Corpus Christi,New Orleans,931.0,New Orleans,3pt,jumpshot,False,RIGHT,23.5,atb3,rw3,2021,A&M-Corpus Christi,2021,Slnd,New Orleans,1,RIGHT,False
1790794,A&M-Corpus Christi,New Orleans,1594.0,New Orleans,3pt,jumpshot,False,LEFT,23.371,c3,rc3,2021,A&M-Corpus Christi,2021,Slnd,New Orleans,2,LEFT,False
1790794,A&M-Corpus Christi,New Orleans,1714.0,New Orleans,2pt,stepbackjumpshot,True,LEFT,9.459,mid2,rb2,2021,A&M-Corpus Christi,2021,Slnd,New Orleans,2,LEFT,False
1790794,A&M-Corpus Christi,New Orleans,2007.0,New Orleans,2pt,jumpshot,False,LEFT,14.561,mid2,rb2,2021,A&M-Corpus Christi,2021,Slnd,New Orleans,2,LEFT,False
1790794,A&M-Corpus Christi,New Orleans,2127.0,New Orleans,2pt,jumpshot,True,LEFT,19.722,mid2,le2,2021,A&M-Corpus Christi,2021,Slnd,New Orleans,2,LEFT,False
1790794,A&M-Corpus Christi,New Orleans,2186.0,New Orleans,3pt,jumpshot,False,LEFT,22.503,c3,rc3,2021,A&M-Corpus Christi,2021,Slnd,New Orleans,2,LEFT,False
1790794,A&M-Corpus Christi,New Orleans,2340.0,New Orleans,2pt,jumpshot,False,LEFT,12.168,paint2,paint2,2021,A&M-Corpus Christi,2021,Slnd,New Orleans,2,LEFT,False
2190410,A&M-Corpus Christi,Southeastern La.,22.0,Southeastern La.,3pt,jumpshot,True,RIGHT,23.122,atb3,lw3,2023,A&M-Corpus Christi,2023,Slnd,Nicholls,1,RIGHT,False
2190410,A&M-Corpus Christi,Southeastern La.,111.0,Southeastern La.,3pt,jumpshot,False,RIGHT,22.728,c3,lc3,2023,A&M-Corpus Christi,2023,Slnd,Nicholls,1,RIGHT,False
2190410,A&M-Corpus Christi,Southeastern La.,146.0,Southeastern La.,2pt,jumpshot,False,RIGHT,7.359,mid2,lb2,2023,A&M-Corpus Christi,2023,Slnd,Nicholls,1,RIGHT,False
2190410,A&M-Corpus Christi,Southeastern La.,169.0,Southeastern La.,2pt,jumpshot,False,RIGHT,6.198,paint2,paint2,2023,A&M-Corpus Christi,2023,Slnd,Nicholls,1,RIGHT,False
2190410,A&M-Corpus Christi,Southeastern La.,218.0,Southeastern La.,2pt,jumpshot,False,RIGHT,11.621,paint2,paint2,2023,A&M-Corpus Christi,2023,Slnd,Nicholls,1,RIGHT,False
2190410,A&M-Corpus Christi,Southeastern La.,304.0,Southeastern La.,2pt,jumpshot,False,RIGHT,11.824,paint2,paint2,2023,A&M-Corpus Christi,2023,Slnd,Nicholls,1,RIGHT,False
2190410,A&M-Corpus Christi,Southeastern La.,363.0,Southeastern La.,2pt,jumpshot,True,RIGHT,8.798,mid2,lb2,2023,A&M-Corpus Christi,2023,Slnd,Nicholls,1,RIGHT,False
2190410,A&M-Corpus Christi,Southeastern La.,482.0,Southeastern La.,3pt,jumpshot,False,RIGHT,23.376,atb3,lw3,2023,A&M-Corpus Christi,2023,Slnd,Nicholls,1,RIGHT,False
2190410,A&M-Corpus Christi,Southeastern La.,578.0,Southeastern La.,2pt,jumpshot,True,RIGHT,10.726,paint2,paint2,2023,A&M-Corpus Christi,2023,Slnd,Nicholls,1,RIGHT,False
2190410,A&M-Corpus Christi,Southeastern La.,847.0,Southeastern La.,3pt,jumpshot,False,RIGHT,23.038,c3,rc3,2023,A&M-Corpus Christi,2023,Slnd,Nicholls,1,RIGHT,False
2190410,A&M-Corpus Christi,Southeastern La.,935.0,Southeastern La.,3pt,jumpshot,False,RIGHT,23.169,atb3,tok3,2023,A&M-Corpus Christi,2023,Slnd,Nicholls,1,RIGHT,False
2190410,A&M-Corpus Christi,Southeastern La.,1410.0,Southeastern La.,2pt,jumpshot,True,LEFT,13.69,mid2,rb2,2023,A&M-Corpus Christi,2023,Slnd,Nicholls,2,LEFT,False
2190410,A&M-Corpus Christi,Southeastern La.,1656.0,Southeastern La.,2pt,jumpshot,True,LEFT,12.576,mid2,rb2,2023,A&M-Corpus Christi,2023,Slnd,Nicholls,2,LEFT,False
2190410,A&M-Corpus Christi,Southeastern La.,2307.0,Southeastern La.,2pt,jumpshot,False,LEFT,16.439,mid2,re2,2023,A&M-Corpus Christi,2023,Slnd,Nicholls,2,LEFT,False
2190410,A&M-Corpus Christi,Southeastern La.,2420.0,Southeastern La.,3pt,jumpshot,True,LEFT,23.371,c3,rc3,2023,A&M-Corpus Christi,2023,Slnd,Nicholls,3,LEFT,False
2190410,A&M-Corpus Christi,Southeastern La.,2471.0,Southeastern La.,2pt,jumpshot,True,LEFT,21.076,mid2,le2,2023,A&M-Corpus Christi,2023,Slnd,Nicholls,3,LEFT,False
2551171,A&M-Corpus Christi,Lamar University,79.0,Lamar University,3pt,jumpshot,False,RIGHT,24.96,atb3,rw3,2025,A&M-Corpus Christi,2025,Slnd,SFA,1,RIGHT,False
2551171,A&M-Corpus Christi,Lamar University,86.0,Lamar University,2pt,jumpshot,False,RIGHT,9.712,paint2,paint2,2025,A&M-Corpus Christi,2025,Slnd,SFA,1,RIGHT,False
2551171,A&M-Corpus Christi,Lamar University,184.0,Lamar University,3pt,jumpshot,True,RIGHT,23.007,c3,rc3,2025,A&M-Corpus Christi,2025,Slnd,SFA,1,RIGHT,False
2551171,A&M-Corpus Christi,Lamar University,215.0,Lamar University,3pt,jumpshot,False,RIGHT,24.261,c3,lc3,2025,A&M-Corpus Christi,2025,Slnd,SFA,1,RIGHT,False
2551171,A&M-Corpus Christi,Lamar University,531.0,Lamar University,2pt,jumpshot,True,RIGHT,19.769,mid2,lb2,2025,A&M-Corpus Christi,2025,Slnd,SFA,1,RIGHT,False
2551171,A&M-Corpus Christi,Lamar University,646.0,Lamar University,3pt,jumpshot,True,RIGHT,24.944,atb3,rw3,2025,A&M-Corpus Christi,2025,Slnd,SFA,1,RIGHT,False
2551171,A&M-Corpus Christi,Lamar University,677.0,Lamar University,3pt,jumpshot,False,RIGHT,23.396,atb3,tok3,2025,A&M-Corpus Christi,2025,Slnd,SFA,1,RIGHT,False
2551171,A&M-Corpus Christi,Lamar University,839.0,Lamar University,2pt,hookshot,False,RIGHT,8.864,paint2,paint2,2025,A&M-Corpus Christi,2025,Slnd,SFA,1,RIGHT,False
2551171,A&M-Corpus Christi,Lamar University,1057.0,Lamar University,2pt,pullupjumpshot,False,RIGHT,14.624,paint2,paint2,2025,A&M-Corpus Christi,2025,Slnd,SFA,1,RIGHT,False
2551171,A&M-Corpus Christi,Lamar University,1107.0,Lamar University,3pt,jumpshot,True,RIGHT,23.003,c3,lc3,2025,A&M-Corpus Christi,2025,Slnd,SFA,1,RIGHT,False
2551171,A&M-Corpus Christi,Lamar University,1145.9,Lamar University,2pt,pullupjumpshot,True,RIGHT,15.492,mid2,le2,2025,A&M-Corpus Christi,2025,Slnd,SFA,1,RIGHT,False
2551171,A&M-Corpus Christi,Lamar University,1311.0,Lamar University,2pt,jumpshot,True,LEFT,15.563,mid2,lb2,2025,A&M-Corpus Christi,2025,Slnd,SFA,2,LEFT,False
2551171,A&M-Corpus Christi,Lamar University,1763.0,Lamar University,2pt,jumpshot,False,LEFT,15.829,mid2,rb2,2025,A&M-Corpus Christi,2025,Slnd,SFA,2,LEFT,False
2551171,A&M-Corpus Christi,Lamar University,1853.0,Lamar University,3pt,jumpshot,True,LEFT,25.053,atb3,lw3,2025,A&M-Corpus Christi,2025,Slnd,SFA,2,LEFT,False
2551171,A&M-Corpus Christi,Lamar University,2197.0,Lamar University,3pt,jumpshot,False,LEFT,24.363,atb3,rw3,2025,A&M-Corpus Christi,2025,Slnd,SFA,2,LEFT,False
2551171,A&M-Corpus Christi,Lamar University,2250.0,Lamar University,3pt,jumpshot,False,LEFT,24.677,atb3,lw3,2025,A&M-Corpus Christi,2025,Slnd,SFA,2,LEFT,False
1991708,A&M-Corpus Christi,Southeastern La.,62.0,Southeastern La.,3pt,jumpshot,False,RIGHT,23.112,c3,lc3,2022,A&M-Corpus Christi,2022,Slnd,Nicholls,1,RIGHT,False
1991708,A&M-Corpus Christi,Southeastern La.,99.0,Southeastern La.,3pt,jumpshot,False,RIGHT,23.989,atb3,lw3,2022,A&M-Corpus Christi,2022,Slnd,Nicholls,1,RIGHT,False
1991708,A&M-Corpus Christi,Southeastern La.,142.0,Southeastern La.,3pt,jumpshot,True,RIGHT,23.584,atb3,lw3,2022,A&M-Corpus Christi,2022,Slnd,Nicholls,1,RIGHT,False
1991708,A&M-Corpus Christi,Southeastern La.,573.0,Southeastern La.,2pt,jumpshot,False,RIGHT,9.517,paint2,paint2,2022,A&M-Corpus Christi,2022,Slnd,Nicholls,1,RIGHT,False
1991708,A&M-Corpus Christi,Southeastern La.,902.0,Southeastern La.,3pt,jumpshot,True,RIGHT,23.858,atb3,lw3,2022,A&M-Corpus Christi,2022,Slnd,Nicholls,1,RIGHT,False
1991708,A&M-Corpus Christi,Southeastern La.,1197.1,Southeastern La.,3pt,jumpshot,False,RIGHT,22.728,c3,lc3,2022,A&M-Corpus Christi,2022,Slnd,Nicholls,1,RIGHT,False
1991708,A&M-Corpus Christi,Southeastern La.,1255.0,Southeastern La.,2pt,jumpshot,False,LEFT,16.005,mid2,rb2,2022,A&M-Corpus Christi,2022,Slnd,Nicholls,2,LEFT,False
1991708,A&M-Corpus Christi,Southeastern La.,1283.0,Southeastern La.,3pt,jumpshot,False,LEFT,24.344,atb3,lw3,2022,A&M-Corpus Christi,2022,Slnd,Nicholls,2,LEFT,False
1991708,A&M-Corpus Christi,Southeastern La.,1617.0,Southeastern La.,3pt,jumpshot,True,LEFT,23.687,atb3,lw3,2022,A&M-Corpus Christi,2022,Slnd,Nicholls,2,LEFT,False
1991708,A&M-Corpus Christi,Southeastern La.,1868.0,Southeastern La.,3pt,jumpshot,False,LEFT,23.503,c3,lc3,2022,A&M-Corpus Christi,2022,Slnd,Nicholls,2,LEFT,False
1987311,A&M-Corpus Christi,McNeese,48.0,McNeese,3pt,jumpshot,False,RIGHT,23.754,atb3,lw3,2022,A&M-Corpus Christi,2022,Slnd,Nicholls,1,RIGHT,False
1987311,A&M-Corpus Christi,McNeese,219.0,McNeese,2pt,jumpshot,False,RIGHT,20.008,mid2,lb2,2022,A&M-Corpus Christi,2022,Slnd,Nicholls,1,RIGHT,False
1987311,A&M-Corpus Christi,McNeese,379.0,McNeese,3pt,jumpshot,False,RIGHT,23.078,c3,lc3,2022,A&M-Corpus Christi,2022,Slnd,Nicholls,1,RIGHT,False
1987311,A&M-Corpus Christi,McNeese,405.0,McNeese,3pt,jumpshot,False,RIGHT,24.668,atb3,rw3,2022,A&M-Corpus Christi,2022,Slnd,Nicholls,1,RIGHT,False
1987311,A&M-Corpus Christi,McNeese,572.0,McNeese,3pt,jumpshot,False,RIGHT,24.029,atb3,lw3,2022,A&M-Corpus Christi,2022,Slnd,Nicholls,1,RIGHT,False
1987311,A&M-Corpus Christi,McNeese,840.0,McNeese,2pt,jumpshot,False,RIGHT,16.567,mid2,rb2,2022,A&M-Corpus Christi,2022,Slnd,Nicholls,1,RIGHT,False
1987311,A&M-Corpus Christi,McNeese,940.0,McNeese,2pt,jumpshot,False,RIGHT,5.121,paint2,paint2,2022,A&M-Corpus Christi,2022,Slnd,Nicholls,1,RIGHT,False
1987311,A&M-Corpus Christi,McNeese,1038.0,McNeese,3pt,jumpshot,True,RIGHT,23.754,atb3,lw3,2022,A&M-Corpus Christi,2022,Slnd,Nicholls,1,RIGHT,False
1987311,A&M-Corpus Christi,McNeese,1085.0,McNeese,3pt,jumpshot,False,RIGHT,24.261,c3,rc3,2022,A&M-Corpus Christi,2022,Slnd,Nicholls,1,RIGHT,False
1987311,A&M-Corpus Christi,McNeese,1152.2,McNeese,3pt,jumpshot,False,RIGHT,22.718,atb3,rw3,2022,A&M-Corpus Christi,2022,Slnd,Nicholls,1,RIGHT,False
1987311,A&M-Corpus Christi,McNeese,1316.0,McNeese,3pt,jumpshot,True,LEFT,25.104,atb3,lw3,2022,A&M-Corpus Christi,2022,Slnd,Nicholls,2,LEFT,False
1987311,A&M-Corpus Christi,McNeese,1461.0,McNeese,2pt,jumpshot,True,LEFT,10.742,paint2,paint2,2022,A&M-Corpus Christi,2022,Slnd,Nicholls,2,LEFT,False
1987311,A&M-Corpus Christi,McNeese,1538.0,McNeese,3pt,jumpshot,False,LEFT,23.379,c3,lc3,2022,A&M-Corpus Christi,2022,Slnd,Nicholls,2,LEFT,False
1987311,A&M-Corpus Christi,McNeese,1588.0,McNeese,3pt,jumpshot,False,LEFT,24.709,c3,lc3,2022,A&M-Corpus Christi,2022,Slnd,Nicholls,2,LEFT,False
1987311,A&M-Corpus Christi,McNeese,1708.0,McNeese,3pt,jumpshot,True,LEFT,24.833,atb3,lw3,2022,A&M-Corpus Christi,2022,Slnd,Nicholls,2,LEFT,False
1987311,A&M-Corpus Christi,McNeese,1749.0,McNeese,3pt,jumpshot,False,LEFT,26.411,atb3,tok3,2022,A&M-Corpus Christi,2022,Slnd,Nicholls,2,LEFT,False
1987311,A&M-Corpus Christi,McNeese,2043.0,McNeese,3pt,jumpshot,True,LEFT,24.538,atb3,lw3,2022,A&M-Corpus Christi,2022,Slnd,Nicholls,2,LEFT,False
1987311,A&M-Corpus Christi,McNeese,2063.0,McNeese,2pt,jumpshot,False,LEFT,6.03,paint2,paint2,2022,A&M-Corpus Christi,2022,Slnd,Nicholls,2,LEFT,False
1987311,A&M-Corpus Christi,McNeese,2335.0,McNeese,2pt,jumpshot,False,LEFT,19.769,mid2,rb2,2022,A&M-Corpus Christi,2022,Slnd,Nicholls,2,LEFT,False
2549281,A&M-Corpus Christi,UTRGV,127.0,UTRGV,2pt,jumpshot,False,RIGHT,9.907,mid2,rb2,2025,A&M-Corpus Christi,2025,Slnd,SFA,1,RIGHT,False
2549281,A&M-Corpus Christi,UTRGV,261.0,UTRGV,2pt,jumpshot,False,RIGHT,11.29,mid2,rb2,2025,A&M-Corpus Christi,2025,Slnd,SFA,1,RIGHT,False
2549281,A&M-Corpus Christi,UTRGV,1042.0,UTRGV,3pt,jumpshot,False,RIGHT,22.88,c3,lc3,2025,A&M-Corpus Christi,2025,Slnd,SFA,1,RIGHT,False
2549281,A&M-Corpus Christi,UTRGV,1141.5,UTRGV,3pt,jumpshot,False,RIGHT,23.583,atb3,lw3,2025,A&M-Corpus Christi,2025,Slnd,SFA,1,RIGHT,False
2549281,A&M-Corpus Christi,UTRGV,1265.0,UTRGV,3pt,jumpshot,False,LEFT,24.591,atb3,lw3,2025,A&M-Corpus Christi,2025,Slnd,SFA,2,LEFT,False
2549281,A&M-Corpus Christi,UTRGV,1940.0,UTRGV,3pt,jumpshot,True,LEFT,25.876,atb3,tok3,2025,A&M-Corpus Christi,2025,Slnd,SFA,2,LEFT,False
2549281,A&M-Corpus Christi,UTRGV,2288.0,UTRGV,3pt,jumpshot,False,LEFT,26.082,atb3,lw3,2025,A&M-Corpus Christi,2025,Slnd,SFA,2,LEFT,False
2551176,A&M-Corpus Christi,Nicholls,83.0,Nicholls,3pt,jumpshot,False,RIGHT,23.366,atb3,lw3,2025,A&M-Corpus Christi,2025,Slnd,SFA,1,RIGHT,False
2551176,A&M-Corpus Christi,Nicholls,1191.5,Nicholls,2pt,jumpshot,True,RIGHT,11.722,mid2,rb2,2025,A&M-Corpus Christi,2025,Slnd,SFA,1,RIGHT,False
2551176,A&M-Corpus Christi,Nicholls,1993.0,Nicholls,3pt,jumpshot,True,LEFT,25.813,atb3,lw3,2025,A&M-Corpus Christi,2025,Slnd,SFA,2,LEFT,False
2551176,A&M-Corpus Christi,Nicholls,2251.0,Nicholls,3pt,jumpshot,False,LEFT,23.379,c3,lc3,2025,A&M-Corpus Christi,2025,Slnd,SFA,2,LEFT,False
2551176,A&M-Corpus Christi,Nicholls,2270.0,Nicholls,3pt,jumpshot,False,LEFT,24.87,atb3,rw3,2025,A&M-Corpus Christi,2025,Slnd,SFA,2,LEFT,False
2551176,A&M-Corpus Christi,Nicholls,2396.8,Nicholls,3pt,jumpshot,False,LEFT,24.596,atb3,tok3,2025,A&M-Corpus Christi,2025,Slnd,SFA,2,LEFT,False
2546946,A&M-Corpus Christi,Northwestern St.,90.0,Northwestern St.,3pt,jumpshot,False,RIGHT,24.322,c3,rc3,2025,A&M-Corpus Christi,2025,Slnd,SFA,1,RIGHT,False
2546946,A&M-Corpus Christi,Northwestern St.,187.0,Northwestern St.,2pt,jumpshot,False,RIGHT,19.51,mid2,le2,2025,A&M-Corpus Christi,2025,Slnd,SFA,1,RIGHT,False
2546946,A&M-Corpus Christi,Northwestern St.,654.0,Northwestern St.,3pt,jumpshot,False,RIGHT,24.866,atb3,rw3,2025,A&M-Corpus Christi,2025,Slnd,SFA,1,RIGHT,False
2546946,A&M-Corpus Christi,Northwestern St.,892.0,Northwestern St.,2pt,jumpshot,False,RIGHT,3.782,atr2,atr2,2025,A&M-Corpus Christi,2025,Slnd,SFA,1,RIGHT,False
2546946,A&M-Corpus Christi,Northwestern St.,921.0,Northwestern St.,2pt,jumpshot,False,RIGHT,4.394,atr2,atr2,2025,A&M-Corpus Christi,2025,Slnd,SFA,1,RIGHT,False
2546946,A&M-Corpus Christi,Northwestern St.,1135.0,Northwestern St.,3pt,jumpshot,True,RIGHT,24.322,c3,lc3,2025,A&M-Corpus Christi,2025,Slnd,SFA,1,RIGHT,False
2546946,A&M-Corpus Christi,Northwestern St.,1217.0,Northwestern St.,2pt,jumpshot,True,LEFT,13.872,mid2,re2,2025,A&M-Corpus Christi,2025,Slnd,SFA,2,LEFT,False
2546946,A&M-Corpus Christi,Northwestern St.,1260.0,Northwestern St.,3pt,jumpshot,False,LEFT,25.637,atb3,lw3,2025,A&M-Corpus Christi,2025,Slnd,SFA,2,LEFT,False
2546946,A&M-Corpus Christi,Northwestern St.,1306.0,Northwestern St.,2pt,jumpshot,True,LEFT,6.972,paint2,paint2,2025,A&M-Corpus Christi,2025,Slnd,SFA,2,LEFT,False
2546946,A&M-Corpus Christi,Northwestern St.,1741.0,Northwestern St.,2pt,jumpshot,False,LEFT,6.794,paint2,paint2,2025,A&M-Corpus Christi,2025,Slnd,SFA,2,LEFT,False
2546946,A&M-Corpus Christi,Northwestern St.,1831.0,Northwestern St.,3pt,jumpshot,False,LEFT,26.768,atb3,lw3,2025,A&M-Corpus Christi,2025,Slnd,SFA,2,LEFT,False
2546946,A&M-Corpus Christi,Northwestern St.,1888.0,Northwestern St.,3pt,jumpshot,True,LEFT,24.512,c3,lc3,2025,A&M-Corpus Christi,2025,Slnd,SFA,2,LEFT,False
2546946,A&M-Corpus Christi,Northwestern St.,1930.0,Northwestern St.,3pt,jumpshot,True,LEFT,23.85,c3,lc3,2025,A&M-Corpus Christi,2025,Slnd,SFA,2,LEFT,False
2546946,A&M-Corpus Christi,Northwestern St.,1975.0,Northwestern St.,3pt,jumpshot,False,LEFT,24.029,atb3,lw3,2025,A&M-Corpus Christi,2025,Slnd,SFA,2,LEFT,False
2546946,A&M-Corpus Christi,Northwestern St.,2034.0,Northwestern St.,2pt,jumpshot,False,LEFT,13.994,mid2,re2,2025,A&M-Corpus Christi,2025,Slnd,SFA,2,LEFT,False
2551179,A&M-Corpus Christi,UIW,133.0,UIW,3pt,jumpshot,False,RIGHT,25.357,atb3,tok3,2025,A&M-Corpus Christi,2025,Slnd,SFA,1,RIGHT,False
2551179,A&M-Corpus Christi,UIW,139.0,UIW,2pt,jumpshot,False,RIGHT,4.552,paint2,paint2,2025,A&M-Corpus Christi,2025,Slnd,SFA,1,RIGHT,False
2551179,A&M-Corpus Christi,UIW,240.0,UIW,3pt,jumpshot,True,RIGHT,25.814,atb3,tok3,2025,A&M-Corpus Christi,2025,Slnd,SFA,1,RIGHT,False
2551179,A&M-Corpus Christi,UIW,1082.0,UIW,3pt,jumpshot,False,RIGHT,23.864,c3,rc3,2025,A&M-Corpus Christi,2025,Slnd,SFA,1,RIGHT,False
2551179,A&M-Corpus Christi,UIW,1122.0,UIW,2pt,jumpshot,False,RIGHT,9.712,paint2,paint2,2025,A&M-Corpus Christi,2025,Slnd,SFA,1,RIGHT,False
2551179,A&M-Corpus Christi,UIW,2387.5,UIW,3pt,jumpshot,False,LEFT,23.718,c3,rc3,2025,A&M-Corpus Christi,2025,Slnd,SFA,2,LEFT,False
1986638,A&M-Corpus Christi,UIW,245.0,UIW,3pt,jumpshot,False,RIGHT,25.238,atb3,rw3,2022,A&M-Corpus Christi,2022,Slnd,Nicholls,1,RIGHT,False
1986638,A&M-Corpus Christi,UIW,280.0,UIW,3pt,jumpshot,True,RIGHT,24.515,atb3,tok3,2022,A&M-Corpus Christi,2022,Slnd,Nicholls,1,RIGHT,False
1986638,A&M-Corpus Christi,UIW,314.0,UIW,3pt,jumpshot,True,RIGHT,24.09,atb3,lw3,2022,A&M-Corpus Christi,2022,Slnd,Nicholls,1,RIGHT,False
1986638,A&M-Corpus Christi,UIW,436.0,UIW,3pt,jumpshot,True,RIGHT,24.928,atb3,rw3,2022,A&M-Corpus Christi,2022,Slnd,Nicholls,1,RIGHT,False
1986638,A&M-Corpus Christi,UIW,768.0,UIW,3pt,jumpshot,True,RIGHT,22.631,c3,lc3,2022,A&M-Corpus Christi,2022,Slnd,Nicholls,1,RIGHT,False
1986638,A&M-Corpus Christi,UIW,963.0,UIW,2pt,jumpshot,False,RIGHT,8.775,paint2,paint2,2022,A&M-Corpus Christi,2022,Slnd,Nicholls,1,RIGHT,False
1986638,A&M-Corpus Christi,UIW,1096.0,UIW,3pt,jumpshot,False,RIGHT,23.007,c3,lc3,2022,A&M-Corpus Christi,2022,Slnd,Nicholls,1,RIGHT,False
1986638,A&M-Corpus Christi,UIW,1108.0,UIW,2pt,jumpshot,False,RIGHT,6.16,paint2,paint2,2022,A&M-Corpus Christi,2022,Slnd,Nicholls,1,RIGHT,False
1986638,A&M-Corpus Christi,UIW,1667.0,UIW,2pt,jumpshot,True,LEFT,7.722,paint2,paint2,2022,A&M-Corpus Christi,2022,Slnd,Nicholls,2,LEFT,False
1986638,A&M-Corpus Christi,UIW,2209.0,UIW,3pt,jumpshot,False,LEFT,24.261,c3,lc3,2022,A&M-Corpus Christi,2022,Slnd,Nicholls,2,LEFT,False
1986638,A&M-Corpus Christi,UIW,2328.0,UIW,3pt,jumpshot,False,LEFT,24.495,atb3,rw3,2022,A&M-Corpus Christi,2022,Slnd,Nicholls,2,LEFT,False
2548369,A&M-Corpus Christi,SFA,336.0,SFA,2pt,jumpshot,False,RIGHT,9.904,paint2,paint2,2025,A&M-Corpus Christi,2025,Slnd,SFA,1,RIGHT,False
2548369,A&M-Corpus Christi,SFA,437.0,SFA,2pt,hookshot,False,RIGHT,7.701,mid2,rb2,2025,A&M-Corpus Christi,2025,Slnd,SFA,1,RIGHT,False
2548369,A&M-Corpus Christi,SFA,860.0,SFA,3pt,jumpshot,False,RIGHT,24.366,atb3,rw3,2025,A&M-Corpus Christi,2025,Slnd,SFA,1,RIGHT,False
2548369,A&M-Corpus Christi,SFA,1297.0,SFA,2pt,hookshot,True,LEFT,2.324,atr2,atr2,2025,A&M-Corpus Christi,2025,Slnd,SFA,2,LEFT,False
2548369,A&M-Corpus Christi,SFA,1377.0,SFA,3pt,jumpshot,False,LEFT,23.003,c3,lc3,2025,A&M-Corpus Christi,2025,Slnd,SFA,2,LEFT,False
2548369,A&M-Corpus Christi,SFA,2317.0,SFA,2pt,hookshot,False,LEFT,9.841,paint2,paint2,2025,A&M-Corpus Christi,2025,Slnd,SFA,2,LEFT,False
2196471,A&M-Corpus Christi,East Texas A&M,170.0,East Texas A&M,3pt,jumpshot,True,RIGHT,23.984,atb3,lw3,2023,A&M-Corpus Christi,2023,Slnd,Nicholls,1,RIGHT,False
2196471,A&M-Corpus Christi,East Texas A&M,213.0,East Texas A&M,2pt,jumpshot,True,RIGHT,7.926,paint2,paint2,2023,A&M-Corpus Christi,2023,Slnd,Nicholls,1,RIGHT,False
2196471,A&M-Corpus Christi,East Texas A&M,791.0,East Texas A&M,2pt,jumpshot,True,RIGHT,11.93,mid2,re2,2023,A&M-Corpus Christi,2023,Slnd,Nicholls,1,RIGHT,False
2196471,A&M-Corpus Christi,East Texas A&M,1106.0,East Texas A&M,3pt,jumpshot,False,RIGHT,23.459,atb3,lw3,2023,A&M-Corpus Christi,2023,Slnd,Nicholls,1,RIGHT,False
2196471,A&M-Corpus Christi,East Texas A&M,1529.0,East Texas A&M,3pt,jumpshot,True,LEFT,24.918,atb3,tok3,2023,A&M-Corpus Christi,2023,Slnd,Nicholls,2,LEFT,False
2196471,A&M-Corpus Christi,East Texas A&M,1678.0,East Texas A&M,2pt,jumpshot,True,LEFT,13.994,mid2,re2,2023,A&M-Corpus Christi,2023,Slnd,Nicholls,2,LEFT,False
2194590,A&M-Corpus Christi,Houston Christian,42.0,Houston Christian,2pt,jumpshot,True,RIGHT,10.239,paint2,paint2,2023,A&M-Corpus Christi,2023,Slnd,Nicholls,1,RIGHT,False
2194590,A&M-Corpus Christi,Houston Christian,82.0,Houston Christian,3pt,jumpshot,False,RIGHT,22.88,c3,rc3,2023,A&M-Corpus Christi,2023,Slnd,Nicholls,1,RIGHT,False
2194590,A&M-Corpus Christi,Houston Christian,273.0,Houston Christian,3pt,jumpshot,False,RIGHT,23.832,atb3,tok3,2023,A&M-Corpus Christi,2023,Slnd,Nicholls,1,RIGHT,False
2194590,A&M-Corpus Christi,Houston Christian,314.0,Houston Christian,3pt,jumpshot,True,RIGHT,23.609,c3,lc3,2023,A&M-Corpus Christi,2023,Slnd,Nicholls,1,RIGHT,False
2194590,A&M-Corpus Christi,Houston Christian,621.0,Houston Christian,3pt,jumpshot,False,RIGHT,24.223,atb3,rw3,2023,A&M-Corpus Christi,2023,Slnd,Nicholls,1,RIGHT,False
2194590,A&M-Corpus Christi,Houston Christian,692.0,Houston Christian,3pt,jumpshot,False,RIGHT,24.322,c3,lc3,2023,A&M-Corpus Christi,2023,Slnd,Nicholls,1,RIGHT,False
2194590,A&M-Corpus Christi,Houston Christian,791.0,Houston Christian,3pt,jumpshot,False,RIGHT,23.358,atb3,lw3,2023,A&M-Corpus Christi,2023,Slnd,Nicholls,1,RIGHT,False
2194590,A&M-Corpus Christi,Houston Christian,826.0,Houston Christian,3pt,jumpshot,False,RIGHT,23.007,c3,rc3,2023,A&M-Corpus Christi,2023,Slnd,Nicholls,1,RIGHT,False
2194590,A&M-Corpus Christi,Houston Christian,929.0,Houston Christian,3pt,jumpshot,False,RIGHT,23.477,atb3,tok3,2023,A&M-Corpus Christi,2023,Slnd,Nicholls,1,RIGHT,False
2194590,A&M-Corpus Christi,Houston Christian,1081.0,Houston Christian,2pt,jumpshot,False,RIGHT,7.588,paint2,paint2,2023,A&M-Corpus Christi,2023,Slnd,Nicholls,1,RIGHT,False
2194590,A&M-Corpus Christi,Houston Christian,1086.0,Houston Christian,3pt,jumpshot,True,RIGHT,24.503,atb3,tok3,2023,A&M-Corpus Christi,2023,Slnd,Nicholls,1,RIGHT,False
2194590,A&M-Corpus Christi,Houston Christian,1119.0,Houston Christian,3pt,jumpshot,False,RIGHT,23.741,atb3,lw3,2023,A&M-Corpus Christi,2023,Slnd,Nicholls,1,RIGHT,False
2194590,A&M-Corpus Christi,Houston Christian,1137.0,Houston Christian,3pt,jumpshot,False,RIGHT,24.864,atb3,tok3,2023,A&M-Corpus Christi,2023,Slnd,Nicholls,1,RIGHT,False
2194590,A&M-Corpus Christi,Houston Christian,1163.5,Houston Christian,3pt,jumpshot,True,RIGHT,23.069,c3,rc3,2023,A&M-Corpus Christi,2023,Slnd,Nicholls,1,RIGHT,False
2194590,A&M-Corpus Christi,Houston Christian,1199.8,Houston Christian,3pt,jumpshot,False,RIGHT,24.613,atb3,lw3,2023,A&M-Corpus Christi,2023,Slnd,Nicholls,1,RIGHT,False
2194590,A&M-Corpus Christi,Houston Christian,1230.0,Houston Christian,3pt,jumpshot,False,LEFT,23.112,c3,lc3,2023,A&M-Corpus Christi,2023,Slnd,Nicholls,2,LEFT,False
2194590,A&M-Corpus Christi,Houston Christian,1281.0,Houston Christian,3pt,jumpshot,False,LEFT,24.974,atb3,lw3,2023,A&M-Corpus Christi,2023,Slnd,Nicholls,2,LEFT,False
2194590,A&M-Corpus Christi,Houston Christian,1392.0,Houston Christian,3pt,jumpshot,True,LEFT,25.911,atb3,rw3,2023,A&M-Corpus Christi,2023,Slnd,Nicholls,2,LEFT,False
2194590,A&M-Corpus Christi,Houston Christian,1436.0,Houston Christian,3pt,jumpshot,False,LEFT,23.526,atb3,rw3,2023,A&M-Corpus Christi,2023,Slnd,Nicholls,2,LEFT,False
2194590,A&M-Corpus Christi,Houston Christian,1454.0,Houston Christian,2pt,jumpshot,True,LEFT,7.13,paint2,paint2,2023,A&M-Corpus Christi,2023,Slnd,Nicholls,2,LEFT,False
2194590,A&M-Corpus Christi,Houston Christian,1542.0,Houston Christian,3pt,jumpshot,False,LEFT,23.777,c3,lc3,2023,A&M-Corpus Christi,2023,Slnd,Nicholls,2,LEFT,False
2194590,A&M-Corpus Christi,Houston Christian,1569.0,Houston Christian,3pt,jumpshot,False,LEFT,23.902,atb3,tok3,2023,A&M-Corpus Christi,2023,Slnd,Nicholls,2,LEFT,False
2194590,A&M-Corpus Christi,Houston Christian,1757.0,Houston Christian,3pt,jumpshot,False,LEFT,23.862,atb3,lw3,2023,A&M-Corpus Christi,2023,Slnd,Nicholls,2,LEFT,False
2194590,A&M-Corpus Christi,Houston Christian,1955.0,Houston Christian,3pt,jumpshot,True,LEFT,23.948,atb3,rw3,2023,A&M-Corpus Christi,2023,Slnd,Nicholls,2,LEFT,False
2194590,A&M-Corpus Christi,Houston Christian,2148.0,Houston Christian,2pt,jumpshot,False,LEFT,5.114,paint2,paint2,2023,A&M-Corpus Christi,2023,Slnd,Nicholls,2,LEFT,False
2194590,A&M-Corpus Christi,Houston Christian,2296.0,Houston Christian,3pt,jumpshot,False,LEFT,23.609,c3,rc3,2023,A&M-Corpus Christi,2023,Slnd,Nicholls,2,LEFT,False
2194590,A&M-Corpus Christi,Houston Christian,2388.5,Houston Christian,3pt,jumpshot,False,LEFT,23.003,c3,lc3,2023,A&M-Corpus Christi,2023,Slnd,Nicholls,2,LEFT,False
2190799,A&M-Corpus Christi,New Orleans,425.0,New Orleans,3pt,jumpshot,True,RIGHT,24.809,atb3,lw3,2023,A&M-Corpus Christi,2023,Slnd,Nicholls,1,RIGHT,False
2190799,A&M-Corpus Christi,New Orleans,778.0,New Orleans,2pt,jumpshot,False,RIGHT,6.353,paint2,paint2,2023,A&M-Corpus Christi,2023,Slnd,Nicholls,1,RIGHT,False
2190799,A&M-Corpus Christi,New Orleans,1084.0,New Orleans,3pt,jumpshot,True,RIGHT,24.068,atb3,rw3,2023,A&M-Corpus Christi,2023,Slnd,Nicholls,1,RIGHT,False
2190799,A&M-Corpus Christi,New Orleans,1828.0,New Orleans,3pt,jumpshot,True,LEFT,25.069,atb3,lw3,2023,A&M-Corpus Christi,2023,Slnd,Nicholls,2,LEFT,False
2190799,A&M-Corpus Christi,New Orleans,2298.0,New Orleans,3pt,jumpshot,True,LEFT,24.474,atb3,tok3,2023,A&M-Corpus Christi,2023,Slnd,Nicholls,2,LEFT,False
2347254,A&M-Corpus Christi,East Texas A&M,641.0,East Texas A&M,3pt,jumpshot,False,RIGHT,23.038,c3,lc3,2024,A&M-Corpus Christi,2024,Slnd,McNeese,1,RIGHT,False
2347254,A&M-Corpus Christi,East Texas A&M,762.0,East Texas A&M,2pt,jumpshot,False,RIGHT,17.616,mid2,le2,2024,A&M-Corpus Christi,2024,Slnd,McNeese,1,RIGHT,False
2347254,A&M-Corpus Christi,East Texas A&M,815.0,East Texas A&M,2pt,floatingjumpshot,True,RIGHT,8.159,paint2,paint2,2024,A&M-Corpus Christi,2024,Slnd,McNeese,1,RIGHT,False
2347254,A&M-Corpus Christi,East Texas A&M,1431.0,East Texas A&M,3pt,jumpshot,True,LEFT,25.422,atb3,tok3,2024,A&M-Corpus Christi,2024,Slnd,McNeese,2,LEFT,False
2347254,A&M-Corpus Christi,East Texas A&M,1752.0,East Texas A&M,3pt,jumpshot,False,LEFT,24.163,atb3,lw3,2024,A&M-Corpus Christi,2024,Slnd,McNeese,2,LEFT,False
2347254,A&M-Corpus Christi,East Texas A&M,1798.0,East Texas A&M,2pt,jumpshot,True,LEFT,13.55,paint2,paint2,2024,A&M-Corpus Christi,2024,Slnd,McNeese,2,LEFT,False
2347254,A&M-Corpus Christi,East Texas A&M,1987.0,East Texas A&M,3pt,jumpshot,True,LEFT,24.242,atb3,tok3,2024,A&M-Corpus Christi,2024,Slnd,McNeese,2,LEFT,False
2347254,A&M-Corpus Christi,East Texas A&M,2020.0,East Texas A&M,2pt,jumpshot,True,LEFT,7.91,paint2,paint2,2024,A&M-Corpus Christi,2024,Slnd,McNeese,2,LEFT,False
2347254,A&M-Corpus Christi,East Texas A&M,2309.0,East Texas A&M,3pt,jumpshot,False,LEFT,24.205,atb3,lw3,2024,A&M-Corpus Christi,2024,Slnd,McNeese,2,LEFT,False
2348352,A&M-Corpus Christi,Southeastern La.,199.0,Southeastern La.,3pt,jumpshot,False,RIGHT,23.809,atb3,lw3,2024,A&M-Corpus Christi,2024,Slnd,McNeese,1,RIGHT,False
2348352,A&M-Corpus Christi,Southeastern La.,218.0,Southeastern La.,3pt,jumpshot,False,RIGHT,24.336,atb3,rw3,2024,A&M-Corpus Christi,2024,Slnd,McNeese,1,RIGHT,False
2348352,A&M-Corpus Christi,Southeastern La.,416.0,Southeastern La.,2pt,hookshot,False,RIGHT,7.535,paint2,paint2,2024,A&M-Corpus Christi,2024,Slnd,McNeese,1,RIGHT,False
2348352,A&M-Corpus Christi,Southeastern La.,1354.0,Southeastern La.,3pt,jumpshot,False,LEFT,23.609,c3,rc3,2024,A&M-Corpus Christi,2024,Slnd,McNeese,2,LEFT,False
2348352,A&M-Corpus Christi,Southeastern La.,1953.0,Southeastern La.,3pt,stepbackjumpshot,True,LEFT,24.778,atb3,lw3,2024,A&M-Corpus Christi,2024,Slnd,McNeese,2,LEFT,False
2348352,A&M-Corpus Christi,Southeastern La.,2345.5,Southeastern La.,3pt,jumpshot,False,LEFT,23.809,atb3,rw3,2024,A&M-Corpus Christi,2024,Slnd,McNeese,2,LEFT,False
1989459,A&M-Corpus Christi,New Orleans,56.0,New Orleans,2pt,jumpshot,False,RIGHT,15.505,mid2,rb2,2022,A&M-Corpus Christi,2022,Slnd,Nicholls,1,RIGHT,False
1989459,A&M-Corpus Christi,New Orleans,461.0,New Orleans,3pt,jumpshot,False,RIGHT,24.045,c3,rc3,2022,A&M-Corpus Christi,2022,Slnd,Nicholls,1,RIGHT,False
1989459,A&M-Corpus Christi,New Orleans,670.0,New Orleans,2pt,jumpshot,True,RIGHT,16.56,mid2,le2,2022,A&M-Corpus Christi,2022,Slnd,Nicholls,1,RIGHT,False
1989459,A&M-Corpus Christi,New Orleans,838.0,New Orleans,3pt,jumpshot,False,RIGHT,25.373,atb3,rw3,2022,A&M-Corpus Christi,2022,Slnd,Nicholls,1,RIGHT,False
1989459,A&M-Corpus Christi,New Orleans,1268.0,New Orleans,2pt,jumpshot,True,LEFT,17.339,mid2,le2,2022,A&M-Corpus Christi,2022,Slnd,Nicholls,2,LEFT,False
1989459,A&M-Corpus Christi,New Orleans,1864.0,New Orleans,3pt,jumpshot,False,LEFT,25.263,atb3,lw3,2022,A&M-Corpus Christi,2022,Slnd,Nicholls,2,LEFT,False
1989459,A&M-Corpus Christi,New Orleans,1890.0,New Orleans,3pt,jumpshot,False,LEFT,24.003,c3,lc3,2022,A&M-Corpus Christi,2022,Slnd,Nicholls,2,LEFT,False
1989459,A&M-Corpus Christi,New Orleans,1960.0,New Orleans,2pt,jumpshot,False,LEFT,18.257,mid2,le2,2022,A&M-Corpus Christi,2022,Slnd,Nicholls,2,LEFT,False
1989459,A&M-Corpus Christi,New Orleans,2142.0,New Orleans,2pt,jumpshot,False,LEFT,6.146,paint2,paint2,2022,A&M-Corpus Christi,2022,Slnd,Nicholls,2,LEFT,False
2348352,A&M-Corpus Christi,Southeastern La.,133.0,Southeastern La.,3pt,jumpshot,False,RIGHT,24.12,atb3,rw3,2024,A&M-Corpus Christi,2024,Slnd,McNeese,1,RIGHT,False
2348352,A&M-Corpus Christi,Southeastern La.,270.0,Southeastern La.,3pt,jumpshot,False,RIGHT,23.223,c3,lc3,2024,A&M-Corpus Christi,2024,Slnd,McNeese,1,RIGHT,False
2348352,A&M-Corpus Christi,Southeastern La.,369.0,Southeastern La.,2pt,turnaroundjumpshot,True,RIGHT,16.474,mid2,re2,2024,A&M-Corpus Christi,2024,Slnd,McNeese,1,RIGHT,False
2348352,A&M-Corpus Christi,Southeastern La.,720.0,Southeastern La.,3pt,jumpshot,False,RIGHT,24.537,atb3,lw3,2024,A&M-Corpus Christi,2024,Slnd,McNeese,1,RIGHT,False
2348352,A&M-Corpus Christi,Southeastern La.,778.0,Southeastern La.,3pt,jumpshot,False,RIGHT,23.988,atb3,lw3,2024,A&M-Corpus Christi,2024,Slnd,McNeese,1,RIGHT,False
2348352,A&M-Corpus Christi,Southeastern La.,849.0,Southeastern La.,2pt,jumpshot,True,RIGHT,4.803,paint2,paint2,2024,A&M-Corpus Christi,2024,Slnd,McNeese,1,RIGHT,False
2348352,A&M-Corpus Christi,Southeastern La.,1345.0,Southeastern La.,3pt,jumpshot,False,LEFT,24.5,atb3,rw3,2024,A&M-Corpus Christi,2024,Slnd,McNeese,2,LEFT,False
2348352,A&M-Corpus Christi,Southeastern La.,1558.0,Southeastern La.,2pt,turnaroundjumpshot,False,LEFT,8.691,paint2,paint2,2024,A&M-Corpus Christi,2024,Slnd,McNeese,2,LEFT,False
2348352,A&M-Corpus Christi,Southeastern La.,1711.0,Southeastern La.,2pt,jumpshot,True,LEFT,13.753,paint2,paint2,2024,A&M-Corpus Christi,2024,Slnd,McNeese,2,LEFT,False
2348352,A&M-Corpus Christi,Southeastern La.,1763.0,Southeastern La.,3pt,jumpshot,False,LEFT,23.644,atb3,lw3,2024,A&M-Corpus Christi,2024,Slnd,McNeese,2,LEFT,False
2348352,A&M-Corpus Christi,Southeastern La.,1854.0,Southeastern La.,2pt,jumpshot,False,LEFT,16.094,mid2,le2,2024,A&M-Corpus Christi,2024,Slnd,McNeese,2,LEFT,False
2348352,A&M-Corpus Christi,Southeastern La.,2068.0,Southeastern La.,3pt,jumpshot,True,LEFT,23.777,c3,lc3,2024,A&M-Corpus Christi,2024,Slnd,McNeese,2,LEFT,False
2548369,A&M-Corpus Christi,SFA,97.0,SFA,3pt,jumpshot,False,RIGHT,24.687,atb3,rw3,2025,A&M-Corpus Christi,2025,Slnd,SFA,1,RIGHT,False
2548369,A&M-Corpus Christi,SFA,630.0,SFA,2pt,hookshot,False,RIGHT,8.906,paint2,paint2,2025,A&M-Corpus Christi,2025,Slnd,SFA,1,RIGHT,False
2548369,A&M-Corpus Christi,SFA,1815.0,SFA,2pt,hookshot,True,LEFT,6.051,paint2,paint2,2025,A&M-Corpus Christi,2025,Slnd,SFA,2,LEFT,False
2548369,A&M-Corpus Christi,SFA,1976.0,SFA,3pt,jumpshot,False,LEFT,23.967,atb3,lw3,2025,A&M-Corpus Christi,2025,Slnd,SFA,2,LEFT,False
2548369,A&M-Corpus Christi,SFA,2156.0,SFA,3pt,jumpshot,True,LEFT,23.506,c3,lc3,2025,A&M-Corpus Christi,2025,Slnd,SFA,2,LEFT,False
2548369,A&M-Corpus Christi,SFA,167.0,SFA,3pt,jumpshot,False,RIGHT,24.095,atb3,rw3,2025,A&M-Corpus Christi,2025,Slnd,SFA,1,RIGHT,False
2548369,A&M-Corpus Christi,SFA,197.0,SFA,2pt,floatingjumpshot,True,RIGHT,5.04,paint2,paint2,2025,A&M-Corpus Christi,2025,Slnd,SFA,1,RIGHT,False
2548369,A&M-Corpus Christi,SFA,874.0,SFA,3pt,jumpshot,False,RIGHT,23.583,atb3,lw3,2025,A&M-Corpus Christi,2025,Slnd,SFA,1,RIGHT,False
2548369,A&M-Corpus Christi,SFA,1136.0,SFA,3pt,jumpshot,False,RIGHT,23.223,c3,lc3,2025,A&M-Corpus Christi,2025,Slnd,SFA,1,RIGHT,False
2548369,A&M-Corpus Christi,SFA,1534.0,SFA,2pt,jumpshot,False,LEFT,12.855,paint2,paint2,2025,A&M-Corpus Christi,2025,Slnd,SFA,2,LEFT,False
2548369,A&M-Corpus Christi,SFA,1781.0,SFA,2pt,hookshot,False,LEFT,10.915,paint2,paint2,2025,A&M-Corpus Christi,2025,Slnd,SFA,2,LEFT,False
2548369,A&M-Corpus Christi,SFA,2207.0,SFA,3pt,jumpshot,False,LEFT,23.556,c3,rc3,2025,A&M-Corpus Christi,2025,Slnd,SFA,2,LEFT,False
2548369,A&M-Corpus Christi,SFA,2216.0,SFA,3pt,jumpshot,False,LEFT,24.606,atb3,rw3,2025,A&M-Corpus Christi,2025,Slnd,SFA,2,LEFT,False
2549281,A&M-Corpus Christi,UTRGV,298.0,UTRGV,3pt,jumpshot,False,RIGHT,25.116,atb3,rw3,2025,A&M-Corpus Christi,2025,Slnd,SFA,1,RIGHT,False
2549281,A&M-Corpus Christi,UTRGV,492.0,UTRGV,2pt,jumpshot,True,RIGHT,2.553,atr2,atr2,2025,A&M-Corpus Christi,2025,Slnd,SFA,1,RIGHT,False
2549281,A&M-Corpus Christi,UTRGV,537.0,UTRGV,3pt,jumpshot,False,RIGHT,24.967,atb3,rw3,2025,A&M-Corpus Christi,2025,Slnd,SFA,1,RIGHT,False
2549281,A&M-Corpus Christi,UTRGV,674.0,UTRGV,3pt,jumpshot,True,RIGHT,23.909,atb3,tok3,2025,A&M-Corpus Christi,2025,Slnd,SFA,1,RIGHT,False
2549281,A&M-Corpus Christi,UTRGV,1577.0,UTRGV,3pt,jumpshot,False,LEFT,23.949,atb3,rw3,2025,A&M-Corpus Christi,2025,Slnd,SFA,2,LEFT,False
2549281,A&M-Corpus Christi,UTRGV,1746.0,UTRGV,2pt,turnaroundjumpshot,True,LEFT,8.126,paint2,paint2,2025,A&M-Corpus Christi,2025,Slnd,SFA,2,LEFT,False
2549281,A&M-Corpus Christi,UTRGV,2295.0,UTRGV,3pt,jumpshot,True,LEFT,22.003,c3,rc3,2025,A&M-Corpus Christi,2025,Slnd,SFA,2,LEFT,False
2549281,A&M-Corpus Christi,UTRGV,2391.6,UTRGV,3pt,jumpshot,False,LEFT,28.212,atb3,lw3,2025,A&M-Corpus Christi,2025,Slnd,SFA,2,LEFT,False
2347254,A&M-Corpus Christi,East Texas A&M,78.0,East Texas A&M,2pt,hookshot,True,RIGHT,11.681,paint2,paint2,2024,A&M-Corpus Christi,2024,Slnd,McNeese,1,RIGHT,False
2347254,A&M-Corpus Christi,East Texas A&M,580.0,East Texas A&M,2pt,floatingjumpshot,False,RIGHT,11.681,paint2,paint2,2024,A&M-Corpus Christi,2024,Slnd,McNeese,1,RIGHT,False
2347254,A&M-Corpus Christi,East Texas A&M,1522.0,East Texas A&M,3pt,jumpshot,False,LEFT,25.812,atb3,lw3,2024,A&M-Corpus Christi,2024,Slnd,McNeese,2,LEFT,False
2347254,A&M-Corpus Christi,East Texas A&M,1616.0,East Texas A&M,3pt,jumpshot,False,LEFT,26.694,atb3,tok3,2024,A&M-Corpus Christi,2024,Slnd,McNeese,2,LEFT,False
2347254,A&M-Corpus Christi,East Texas A&M,1654.0,East Texas A&M,3pt,jumpshot,False,LEFT,24.556,atb3,rw3,2024,A&M-Corpus Christi,2024,Slnd,McNeese,2,LEFT,False
1992070,A&M-Corpus Christi,Northwestern St.,96.0,Northwestern St.,2pt,jumpshot,False,RIGHT,15.374,mid2,lb2,2022,A&M-Corpus Christi,2022,Slnd,Nicholls,1,RIGHT,False
1992070,A&M-Corpus Christi,Northwestern St.,212.0,Northwestern St.,3pt,jumpshot,False,RIGHT,24.331,atb3,rw3,2022,A&M-Corpus Christi,2022,Slnd,Nicholls,1,RIGHT,False
1992070,A&M-Corpus Christi,Northwestern St.,306.0,Northwestern St.,2pt,jumpshot,True,RIGHT,17.568,mid2,le2,2022,A&M-Corpus Christi,2022,Slnd,Nicholls,1,RIGHT,False
1992070,A&M-Corpus Christi,Northwestern St.,755.0,Northwestern St.,3pt,jumpshot,True,RIGHT,25.703,atb3,lw3,2022,A&M-Corpus Christi,2022,Slnd,Nicholls,1,RIGHT,False
1992070,A&M-Corpus Christi,Northwestern St.,907.0,Northwestern St.,3pt,jumpshot,False,RIGHT,22.549,c3,lc3,2022,A&M-Corpus Christi,2022,Slnd,Nicholls,1,RIGHT,False
1992070,A&M-Corpus Christi,Northwestern St.,978.0,Northwestern St.,3pt,jumpshot,False,RIGHT,25.577,atb3,lw3,2022,A&M-Corpus Christi,2022,Slnd,Nicholls,1,RIGHT,False
1992070,A&M-Corpus Christi,Northwestern St.,1230.0,Northwestern St.,2pt,jumpshot,False,LEFT,20.575,mid2,re2,2022,A&M-Corpus Christi,2022,Slnd,Nicholls,2,LEFT,False
1992070,A&M-Corpus Christi,Northwestern St.,1262.0,Northwestern St.,2pt,jumpshot,False,LEFT,19.448,mid2,le2,2022,A&M-Corpus Christi,2022,Slnd,Nicholls,2,LEFT,False
1992070,A&M-Corpus Christi,Northwestern St.,1298.0,Northwestern St.,2pt,jumpshot,False,LEFT,22.101,mid2,le2,2022,A&M-Corpus Christi,2022,Slnd,Nicholls,2,LEFT,False
1992070,A&M-Corpus Christi,Northwestern St.,1341.0,Northwestern St.,2pt,jumpshot,False,LEFT,16.381,mid2,le2,2022,A&M-Corpus Christi,2022,Slnd,Nicholls,2,LEFT,False
1992070,A&M-Corpus Christi,Northwestern St.,1680.0,Northwestern St.,2pt,turnaroundjumpshot,False,LEFT,7.011,mid2,lb2,2022,A&M-Corpus Christi,2022,Slnd,Nicholls,2,LEFT,False
1992070,A&M-Corpus Christi,Northwestern St.,1990.0,Northwestern St.,3pt,jumpshot,False,LEFT,24.235,c3,lc3,2022,A&M-Corpus Christi,2022,Slnd,Nicholls,2,LEFT,False
1992070,A&M-Corpus Christi,Northwestern St.,2046.0,Northwestern St.,2pt,jumpshot,False,LEFT,8.11,mid2,rb2,2022,A&M-Corpus Christi,2022,Slnd,Nicholls,2,LEFT,False
1992070,A&M-Corpus Christi,Northwestern St.,2185.0,Northwestern St.,3pt,jumpshot,False,LEFT,24.973,atb3,rw3,2022,A&M-Corpus Christi,2022,Slnd,Nicholls,2,LEFT,False
1992070,A&M-Corpus Christi,Northwestern St.,2285.0,Northwestern St.,2pt,jumpshot,True,LEFT,7.973,paint2,paint2,2022,A&M-Corpus Christi,2022,Slnd,Nicholls,2,LEFT,False
1992070,A&M-Corpus Christi,Northwestern St.,2366.2,Northwestern St.,3pt,jumpshot,False,LEFT,26.831,atb3,lw3,2022,A&M-Corpus Christi,2022,Slnd,Nicholls,2,LEFT,False
2190799,A&M-Corpus Christi,New Orleans,338.0,New Orleans,2pt,jumpshot,False,RIGHT,12.336,paint2,paint2,2023,A&M-Corpus Christi,2023,Slnd,Nicholls,1,RIGHT,False
2196742,A&M-Corpus Christi,Northwestern St.,31.0,Northwestern St.,2pt,jumpshot,True,RIGHT,16.552,mid2,re2,2023,A&M-Corpus Christi,2023,Slnd,Nicholls,1,RIGHT,False
2196742,A&M-Corpus Christi,Northwestern St.,82.0,Northwestern St.,2pt,jumpshot,False,RIGHT,12.571,mid2,lb2,2023,A&M-Corpus Christi,2023,Slnd,Nicholls,1,RIGHT,False
2196742,A&M-Corpus Christi,Northwestern St.,229.0,Northwestern St.,3pt,jumpshot,True,RIGHT,23.392,atb3,lw3,2023,A&M-Corpus Christi,2023,Slnd,Nicholls,1,RIGHT,False
2196742,A&M-Corpus Christi,Northwestern St.,319.0,Northwestern St.,2pt,jumpshot,True,RIGHT,13.389,paint2,paint2,2023,A&M-Corpus Christi,2023,Slnd,Nicholls,1,RIGHT,False
2196742,A&M-Corpus Christi,Northwestern St.,390.0,Northwestern St.,3pt,jumpshot,False,RIGHT,23.684,atb3,rw3,2023,A&M-Corpus Christi,2023,Slnd,Nicholls,1,RIGHT,False
2196742,A&M-Corpus Christi,Northwestern St.,604.0,Northwestern St.,2pt,jumpshot,True,RIGHT,14.331,mid2,re2,2023,A&M-Corpus Christi,2023,Slnd,Nicholls,1,RIGHT,False
2196742,A&M-Corpus Christi,Northwestern St.,754.0,Northwestern St.,3pt,jumpshot,False,RIGHT,23.711,atb3,rw3,2023,A&M-Corpus Christi,2023,Slnd,Nicholls,1,RIGHT,False
2196742,A&M-Corpus Christi,Northwestern St.,866.0,Northwestern St.,3pt,jumpshot,True,RIGHT,24.318,atb3,tok3,2023,A&M-Corpus Christi,2023,Slnd,Nicholls,1,RIGHT,False
2196742,A&M-Corpus Christi,Northwestern St.,1026.0,Northwestern St.,2pt,jumpshot,False,RIGHT,11.014,mid2,rb2,2023,A&M-Corpus Christi,2023,Slnd,Nicholls,1,RIGHT,False
2196742,A&M-Corpus Christi,Northwestern St.,1498.0,Northwestern St.,3pt,jumpshot,False,LEFT,24.964,atb3,tok3,2023,A&M-Corpus Christi,2023,Slnd,Nicholls,2,LEFT,False
2196742,A&M-Corpus Christi,Northwestern St.,1528.0,Northwestern St.,3pt,jumpshot,False,LEFT,22.614,c3,rc3,2023,A&M-Corpus Christi,2023,Slnd,Nicholls,2,LEFT,False
2196742,A&M-Corpus Christi,Northwestern St.,1805.0,Northwestern St.,3pt,jumpshot,False,LEFT,25.589,atb3,tok3,2023,A&M-Corpus Christi,2023,Slnd,Nicholls,2,LEFT,False
2196742,A&M-Corpus Christi,Northwestern St.,1824.0,Northwestern St.,3pt,jumpshot,False,LEFT,25.109,atb3,lw3,2023,A&M-Corpus Christi,2023,Slnd,Nicholls,2,LEFT,False
2196742,A&M-Corpus Christi,Northwestern St.,1887.0,Northwestern St.,2pt,jumpshot,False,LEFT,16.409,mid2,le2,2023,A&M-Corpus Christi,2023,Slnd,Nicholls,2,LEFT,False
2196742,A&M-Corpus Christi,Northwestern St.,2102.0,Northwestern St.,3pt,jumpshot,False,LEFT,25.556,atb3,lw3,2023,A&M-Corpus Christi,2023,Slnd,Nicholls,2,LEFT,False
2196742,A&M-Corpus Christi,Northwestern St.,2390.2,Northwestern St.,3pt,jumpshot,False,LEFT,24.91,atb3,rw3,2023,A&M-Corpus Christi,2023,Slnd,Nicholls,2,LEFT,False
1790586,A&M-Corpus Christi,Lamar University,56.0,Lamar University,3pt,jumpshot,False,RIGHT,23.94,atb3,lw3,2021,A&M-Corpus Christi,2021,Slnd,New Orleans,1,RIGHT,False
1790586,A&M-Corpus Christi,Lamar University,217.0,Lamar University,2pt,hookshot,True,RIGHT,4.845,paint2,paint2,2021,A&M-Corpus Christi,2021,Slnd,New Orleans,1,RIGHT,False
1790586,A&M-Corpus Christi,Lamar University,268.0,Lamar University,3pt,jumpshot,False,RIGHT,22.007,c3,lc3,2021,A&M-Corpus Christi,2021,Slnd,New Orleans,1,RIGHT,False
1790586,A&M-Corpus Christi,Lamar University,319.0,Lamar University,3pt,jumpshot,True,RIGHT,23.264,atb3,lw3,2021,A&M-Corpus Christi,2021,Slnd,New Orleans,1,RIGHT,False
1790586,A&M-Corpus Christi,Lamar University,482.0,Lamar University,2pt,jumpshot,False,RIGHT,13.689,mid2,re2,2021,A&M-Corpus Christi,2021,Slnd,New Orleans,1,RIGHT,False
1790586,A&M-Corpus Christi,Lamar University,555.0,Lamar University,3pt,jumpshot,False,RIGHT,23.038,c3,lc3,2021,A&M-Corpus Christi,2021,Slnd,New Orleans,1,RIGHT,False
1790586,A&M-Corpus Christi,Lamar University,642.0,Lamar University,2pt,jumpshot,False,RIGHT,15.005,mid2,lb2,2021,A&M-Corpus Christi,2021,Slnd,New Orleans,1,RIGHT,False
1790586,A&M-Corpus Christi,Lamar University,711.0,Lamar University,2pt,jumpshot,False,RIGHT,16.319,mid2,lb2,2021,A&M-Corpus Christi,2021,Slnd,New Orleans,1,RIGHT,False
1790586,A&M-Corpus Christi,Lamar University,990.0,Lamar University,2pt,jumpshot,True,RIGHT,10.584,mid2,rb2,2021,A&M-Corpus Christi,2021,Slnd,New Orleans,1,RIGHT,False
1790586,A&M-Corpus Christi,Lamar University,1027.0,Lamar University,2pt,jumpshot,False,RIGHT,16.401,mid2,le2,2021,A&M-Corpus Christi,2021,Slnd,New Orleans,1,RIGHT,False
1790586,A&M-Corpus Christi,Lamar University,1064.0,Lamar University,3pt,jumpshot,False,RIGHT,25.809,atb3,rw3,2021,A&M-Corpus Christi,2021,Slnd,New Orleans,1,RIGHT,False
1790586,A&M-Corpus Christi,Lamar University,1189.7,Lamar University,3pt,jumpshot,False,RIGHT,23.223,c3,lc3,2021,A&M-Corpus Christi,2021,Slnd,New Orleans,1,RIGHT,False
1790586,A&M-Corpus Christi,Lamar University,1369.0,Lamar University,2pt,jumpshot,False,LEFT,10.422,mid2,lb2,2021,A&M-Corpus Christi,2021,Slnd,New Orleans,2,LEFT,False
1790586,A&M-Corpus Christi,Lamar University,1560.0,Lamar University,3pt,jumpshot,False,LEFT,24.394,atb3,lw3,2021,A&M-Corpus Christi,2021,Slnd,New Orleans,2,LEFT,False
1790586,A&M-Corpus Christi,Lamar University,1594.0,Lamar University,2pt,jumpshot,False,LEFT,16.799,mid2,le2,2021,A&M-Corpus Christi,2021,Slnd,New Orleans,2,LEFT,False
1790586,A&M-Corpus Christi,Lamar University,1631.0,Lamar University,2pt,jumpshot,True,LEFT,17.435,mid2,le2,2021,A&M-Corpus Christi,2021,Slnd,New Orleans,2,LEFT,False
1790586,A&M-Corpus Christi,Lamar University,2310.0,Lamar University,2pt,jumpshot,False,LEFT,16.554,mid2,lb2,2021,A&M-Corpus Christi,2021,Slnd,New Orleans,2,LEFT,False
2546926,A&M-Corpus Christi,Southeastern La.,172.0,Southeastern La.,3pt,jumpshot,False,RIGHT,24.322,c3,rc3,2025,A&M-Corpus Christi,2025,Slnd,SFA,1,RIGHT,False
2546926,A&M-Corpus Christi,Southeastern La.,297.0,Southeastern La.,2pt,jumpshot,False,RIGHT,4.607,paint2,paint2,2025,A&M-Corpus Christi,2025,Slnd,SFA,1,RIGHT,False
2546926,A&M-Corpus Christi,Southeastern La.,447.0,Southeastern La.,2pt,floatingjumpshot,True,RIGHT,6.051,paint2,paint2,2025,A&M-Corpus Christi,2025,Slnd,SFA,1,RIGHT,False
2546926,A&M-Corpus Christi,Southeastern La.,491.0,Southeastern La.,2pt,jumpshot,False,RIGHT,6.121,paint2,paint2,2025,A&M-Corpus Christi,2025,Slnd,SFA,1,RIGHT,False
2546926,A&M-Corpus Christi,Southeastern La.,594.0,Southeastern La.,3pt,jumpshot,False,RIGHT,23.568,c3,lc3,2025,A&M-Corpus Christi,2025,Slnd,SFA,1,RIGHT,False
2546926,A&M-Corpus Christi,Southeastern La.,631.0,Southeastern La.,2pt,floatingjumpshot,True,RIGHT,4.269,atr2,atr2,2025,A&M-Corpus Christi,2025,Slnd,SFA,1,RIGHT,False
2546926,A&M-Corpus Christi,Southeastern La.,922.0,Southeastern La.,2pt,jumpshot,True,RIGHT,18.1,mid2,re2,2025,A&M-Corpus Christi,2025,Slnd,SFA,1,RIGHT,False
2546926,A&M-Corpus Christi,Southeastern La.,1007.0,Southeastern La.,3pt,jumpshot,True,RIGHT,23.112,c3,rc3,2025,A&M-Corpus Christi,2025,Slnd,SFA,1,RIGHT,False
2546926,A&M-Corpus Christi,Southeastern La.,1144.1,Southeastern La.,3pt,jumpshot,True,RIGHT,23.747,atb3,lw3,2025,A&M-Corpus Christi,2025,Slnd,SFA,1,RIGHT,False
2546926,A&M-Corpus Christi,Southeastern La.,1193.7,Southeastern La.,2pt,turnaroundjumpshot,True,RIGHT,10.827,mid2,lb2,2025,A&M-Corpus Christi,2025,Slnd,SFA,1,RIGHT,False
2546926,A&M-Corpus Christi,Southeastern La.,1261.0,Southeastern La.,2pt,jumpshot,False,LEFT,11.284,mid2,re2,2025,A&M-Corpus Christi,2025,Slnd,SFA,2,LEFT,False
2546926,A&M-Corpus Christi,Southeastern La.,1485.0,Southeastern La.,2pt,jumpshot,True,LEFT,11.681,paint2,paint2,2025,A&M-Corpus Christi,2025,Slnd,SFA,2,LEFT,False
2546926,A&M-Corpus Christi,Southeastern La.,1583.0,Southeastern La.,3pt,jumpshot,False,LEFT,25.111,atb3,rw3,2025,A&M-Corpus Christi,2025,Slnd,SFA,2,LEFT,False
2546926,A&M-Corpus Christi,Southeastern La.,1687.0,Southeastern La.,3pt,jumpshot,False,LEFT,23.718,c3,rc3,2025,A&M-Corpus Christi,2025,Slnd,SFA,2,LEFT,False
2546926,A&M-Corpus Christi,Southeastern La.,1937.0,Southeastern La.,3pt,jumpshot,False,LEFT,23.007,c3,lc3,2025,A&M-Corpus Christi,2025,Slnd,SFA,2,LEFT,False
2546926,A&M-Corpus Christi,Southeastern La.,1942.0,Southeastern La.,3pt,jumpshot,False,LEFT,23.889,atb3,lw3,2025,A&M-Corpus Christi,2025,Slnd,SFA,2,LEFT,False
2546926,A&M-Corpus Christi,Southeastern La.,2190.0,Southeastern La.,3pt,jumpshot,False,LEFT,23.003,c3,rc3,2025,A&M-Corpus Christi,2025,Slnd,SFA,2,LEFT,False
2345335,A&M-Corpus Christi,Lamar University,201.0,Lamar University,2pt,turnaroundjumpshot,False,RIGHT,11.67,paint2,paint2,2024,A&M-Corpus Christi,2024,Slnd,McNeese,1,RIGHT,False
2345335,A&M-Corpus Christi,Lamar University,406.0,Lamar University,3pt,jumpshot,False,RIGHT,23.609,c3,lc3,2024,A&M-Corpus Christi,2024,Slnd,McNeese,1,RIGHT,False
2345335,A&M-Corpus Christi,Lamar University,769.0,Lamar University,2pt,jumpshot,False,RIGHT,15.829,mid2,rb2,2024,A&M-Corpus Christi,2024,Slnd,McNeese,1,RIGHT,False
2345335,A&M-Corpus Christi,Lamar University,805.0,Lamar University,3pt,jumpshot,False,RIGHT,23.944,atb3,lw3,2024,A&M-Corpus Christi,2024,Slnd,McNeese,1,RIGHT,False
2345335,A&M-Corpus Christi,Lamar University,1103.0,Lamar University,2pt,hookshot,False,RIGHT,8.46,paint2,paint2,2024,A&M-Corpus Christi,2024,Slnd,McNeese,1,RIGHT,False
2345335,A&M-Corpus Christi,Lamar University,1359.0,Lamar University,2pt,turnaroundjumpshot,True,LEFT,19.269,mid2,rb2,2024,A&M-Corpus Christi,2024,Slnd,McNeese,2,LEFT,False
2345335,A&M-Corpus Christi,Lamar University,1632.0,Lamar University,3pt,jumpshot,True,LEFT,23.718,c3,rc3,2024,A&M-Corpus Christi,2024,Slnd,McNeese,2,LEFT,False
2343012,A&M-Corpus Christi,Nicholls,144.0,Nicholls,3pt,jumpshot,False,RIGHT,23.835,atb3,lw3,2024,A&M-Corpus Christi,2024,Slnd,McNeese,1,RIGHT,False
2343012,A&M-Corpus Christi,Nicholls,497.0,Nicholls,2pt,jumpshot,False,RIGHT,8.159,paint2,paint2,2024,A&M-Corpus Christi,2024,Slnd,McNeese,1,RIGHT,False
2343012,A&M-Corpus Christi,Nicholls,700.0,Nicholls,3pt,jumpshot,False,RIGHT,25.193,atb3,tok3,2024,A&M-Corpus Christi,2024,Slnd,McNeese,1,RIGHT,False
2343012,A&M-Corpus Christi,Nicholls,2087.0,Nicholls,3pt,jumpshot,False,LEFT,24.081,atb3,rw3,2024,A&M-Corpus Christi,2024,Slnd,McNeese,2,LEFT,False
2347254,A&M-Corpus Christi,East Texas A&M,291.0,East Texas A&M,2pt,stepbackjumpshot,True,RIGHT,10.42,paint2,paint2,2024,A&M-Corpus Christi,2024,Slnd,McNeese,1,RIGHT,False
2347254,A&M-Corpus Christi,East Texas A&M,352.0,East Texas A&M,3pt,jumpshot,True,RIGHT,23.699,atb3,lw3,2024,A&M-Corpus Christi,2024,Slnd,McNeese,1,RIGHT,False
2347254,A&M-Corpus Christi,East Texas A&M,1081.0,East Texas A&M,2pt,turnaroundjumpshot,False,RIGHT,14.128,paint2,paint2,2024,A&M-Corpus Christi,2024,Slnd,McNeese,1,RIGHT,False
2347254,A&M-Corpus Christi,East Texas A&M,1308.0,East Texas A&M,2pt,jumpshot,False,LEFT,12.189,mid2,rb2,2024,A&M-Corpus Christi,2024,Slnd,McNeese,2,LEFT,False
2347254,A&M-Corpus Christi,East Texas A&M,2063.0,East Texas A&M,3pt,jumpshot,False,LEFT,26.629,atb3,rw3,2024,A&M-Corpus Christi,2024,Slnd,McNeese,2,LEFT,False
2347254,A&M-Corpus Christi,East Texas A&M,2116.0,East Texas A&M,3pt,jumpshot,False,LEFT,23.192,atb3,rw3,2024,A&M-Corpus Christi,2024,Slnd,McNeese,2,LEFT,False
2551176,A&M-Corpus Christi,Nicholls,277.0,Nicholls,3pt,jumpshot,False,RIGHT,23.849,atb3,rw3,2025,A&M-Corpus Christi,2025,Slnd,SFA,1,RIGHT,False
2551176,A&M-Corpus Christi,Nicholls,587.0,Nicholls,2pt,jumpshot,False,RIGHT,15.082,mid2,rb2,2025,A&M-Corpus Christi,2025,Slnd,SFA,1,RIGHT,False
2551176,A&M-Corpus Christi,Nicholls,2136.0,Nicholls,2pt,turnaroundjumpshot,False,LEFT,13.779,paint2,paint2,2025,A&M-Corpus Christi,2025,Slnd,SFA,2,LEFT,False
2195022,A&M-Corpus Christi,Lamar University,190.0,Lamar University,3pt,jumpshot,True,RIGHT,26.362,atb3,tok3,2023,A&M-Corpus Christi,2023,Slnd,Nicholls,1,RIGHT,False
2195022,A&M-Corpus Christi,Lamar University,415.0,Lamar University,3pt,jumpshot,False,RIGHT,25.247,atb3,tok3,2023,A&M-Corpus Christi,2023,Slnd,Nicholls,1,RIGHT,False
2195022,A&M-Corpus Christi,Lamar University,457.0,Lamar University,3pt,jumpshot,True,RIGHT,23.003,c3,rc3,2023,A&M-Corpus Christi,2023,Slnd,Nicholls,1,RIGHT,False
2195022,A&M-Corpus Christi,Lamar University,494.0,Lamar University,3pt,jumpshot,False,RIGHT,24.736,atb3,tok3,2023,A&M-Corpus Christi,2023,Slnd,Nicholls,1,RIGHT,False
2195022,A&M-Corpus Christi,Lamar University,540.0,Lamar University,3pt,jumpshot,False,RIGHT,27.05,atb3,tok3,2023,A&M-Corpus Christi,2023,Slnd,Nicholls,1,RIGHT,False
2195022,A&M-Corpus Christi,Lamar University,615.0,Lamar University,3pt,jumpshot,False,RIGHT,24.864,atb3,rw3,2023,A&M-Corpus Christi,2023,Slnd,Nicholls,1,RIGHT,False
2195022,A&M-Corpus Christi,Lamar University,1114.0,Lamar University,3pt,jumpshot,False,RIGHT,23.526,atb3,lw3,2023,A&M-Corpus Christi,2023,Slnd,Nicholls,1,RIGHT,False
2195022,A&M-Corpus Christi,Lamar University,1507.0,Lamar University,3pt,jumpshot,False,LEFT,23.556,c3,lc3,2023,A&M-Corpus Christi,2023,Slnd,Nicholls,2,LEFT,False
2195022,A&M-Corpus Christi,Lamar University,2326.0,Lamar University,3pt,jumpshot,False,LEFT,23.538,c3,lc3,2023,A&M-Corpus Christi,2023,Slnd,Nicholls,2,LEFT,False
2343012,A&M-Corpus Christi,Nicholls,631.0,Nicholls,3pt,jumpshot,False,RIGHT,24.097,atb3,lw3,2024,A&M-Corpus Christi,2024,Slnd,McNeese,1,RIGHT,False
2343012,A&M-Corpus Christi,Nicholls,886.0,Nicholls,3pt,jumpshot,True,RIGHT,25.238,atb3,tok3,2024,A&M-Corpus Christi,2024,Slnd,McNeese,1,RIGHT,False
2343012,A&M-Corpus Christi,Nicholls,977.0,Nicholls,2pt,jumpshot,False,RIGHT,20.155,mid2,re2,2024,A&M-Corpus Christi,2024,Slnd,McNeese,1,RIGHT,False
2343012,A&M-Corpus Christi,Nicholls,1574.0,Nicholls,2pt,floatingjumpshot,True,LEFT,12.121,mid2,rb2,2024,A&M-Corpus Christi,2024,Slnd,McNeese,2,LEFT,False
2343012,A&M-Corpus Christi,Nicholls,2234.0,Nicholls,2pt,floatingjumpshot,False,LEFT,13.087,paint2,paint2,2024,A&M-Corpus Christi,2024,Slnd,McNeese,2,LEFT,False
1986638,A&M-Corpus Christi,UIW,202.0,UIW,3pt,jumpshot,False,RIGHT,23.007,c3,lc3,2022,A&M-Corpus Christi,2022,Slnd,Nicholls,1,RIGHT,False
1986638,A&M-Corpus Christi,UIW,412.0,UIW,3pt,jumpshot,False,RIGHT,24.985,atb3,lw3,2022,A&M-Corpus Christi,2022,Slnd,Nicholls,1,RIGHT,False
1986638,A&M-Corpus Christi,UIW,471.0,UIW,2pt,jumpshot,False,RIGHT,9.459,mid2,lb2,2022,A&M-Corpus Christi,2022,Slnd,Nicholls,1,RIGHT,False
1986638,A&M-Corpus Christi,UIW,567.0,UIW,3pt,jumpshot,True,RIGHT,24.261,c3,rc3,2022,A&M-Corpus Christi,2022,Slnd,Nicholls,1,RIGHT,False
1986638,A&M-Corpus Christi,UIW,593.0,UIW,3pt,jumpshot,True,RIGHT,23.864,c3,rc3,2022,A&M-Corpus Christi,2022,Slnd,Nicholls,1,RIGHT,False
1986638,A&M-Corpus Christi,UIW,643.0,UIW,3pt,jumpshot,False,RIGHT,23.503,c3,rc3,2022,A&M-Corpus Christi,2022,Slnd,Nicholls,1,RIGHT,False
1986638,A&M-Corpus Christi,UIW,931.0,UIW,3pt,jumpshot,False,RIGHT,24.536,c3,rc3,2022,A&M-Corpus Christi,2022,Slnd,Nicholls,1,RIGHT,False
1986638,A&M-Corpus Christi,UIW,995.0,UIW,3pt,jumpshot,False,RIGHT,23.746,atb3,lw3,2022,A&M-Corpus Christi,2022,Slnd,Nicholls,1,RIGHT,False
1986638,A&M-Corpus Christi,UIW,1175.7,UIW,3pt,jumpshot,False,RIGHT,23.974,atb3,tok3,2022,A&M-Corpus Christi,2022,Slnd,Nicholls,1,RIGHT,False
1986638,A&M-Corpus Christi,UIW,1216.0,UIW,3pt,jumpshot,False,LEFT,23.695,atb3,rw3,2022,A&M-Corpus Christi,2022,Slnd,Nicholls,2,LEFT,False
1986638,A&M-Corpus Christi,UIW,1252.0,UIW,3pt,jumpshot,False,LEFT,23.718,c3,rc3,2022,A&M-Corpus Christi,2022,Slnd,Nicholls,2,LEFT,False
1986638,A&M-Corpus Christi,UIW,1476.0,UIW,3pt,jumpshot,False,LEFT,26.456,atb3,lw3,2022,A&M-Corpus Christi,2022,Slnd,Nicholls,2,LEFT,False
1986638,A&M-Corpus Christi,UIW,1552.0,UIW,2pt,jumpshot,False,LEFT,17.849,mid2,le2,2022,A&M-Corpus Christi,2022,Slnd,Nicholls,2,LEFT,False
1986638,A&M-Corpus Christi,UIW,1574.0,UIW,3pt,jumpshot,False,LEFT,24.52,atb3,rw3,2022,A&M-Corpus Christi,2022,Slnd,Nicholls,2,LEFT,False
1986638,A&M-Corpus Christi,UIW,1914.0,UIW,3pt,jumpshot,True,LEFT,25.432,atb3,tok3,2022,A&M-Corpus Christi,2022,Slnd,Nicholls,2,LEFT,False
1986638,A&M-Corpus Christi,UIW,1940.0,UIW,3pt,jumpshot,True,LEFT,23.609,c3,lc3,2022,A&M-Corpus Christi,2022,Slnd,Nicholls,2,LEFT,False
1986638,A&M-Corpus Christi,UIW,2039.0,UIW,3pt,jumpshot,True,LEFT,24.322,c3,lc3,2022,A&M-Corpus Christi,2022,Slnd,Nicholls,2,LEFT,False
1986638,A&M-Corpus Christi,UIW,2261.0,UIW,3pt,jumpshot,False,LEFT,24.606,atb3,rw3,2022,A&M-Corpus Christi,2022,Slnd,Nicholls,2,LEFT,False
2345335,A&M-Corpus Christi,Lamar University,59.0,Lamar University,3pt,jumpshot,False,RIGHT,23.79,atb3,tok3,2024,A&M-Corpus Christi,2024,Slnd,McNeese,1,RIGHT,False
2345335,A&M-Corpus Christi,Lamar University,441.0,Lamar University,3pt,jumpshot,False,RIGHT,23.038,c3,rc3,2024,A&M-Corpus Christi,2024,Slnd,McNeese,1,RIGHT,False
2345335,A&M-Corpus Christi,Lamar University,1251.0,Lamar University,3pt,jumpshot,False,LEFT,25.113,atb3,lw3,2024,A&M-Corpus Christi,2024,Slnd,McNeese,2,LEFT,False
2345335,A&M-Corpus Christi,Lamar University,1503.0,Lamar University,2pt,pullupjumpshot,True,LEFT,12.545,mid2,re2,2024,A&M-Corpus Christi,2024,Slnd,McNeese,2,LEFT,False
2345335,A&M-Corpus Christi,Lamar University,1555.0,Lamar University,2pt,stepbackjumpshot,False,LEFT,18.42,mid2,le2,2024,A&M-Corpus Christi,2024,Slnd,McNeese,2,LEFT,False
2345335,A&M-Corpus Christi,Lamar University,1624.0,Lamar University,2pt,jumpshot,False,LEFT,14.183,mid2,lb2,2024,A&M-Corpus Christi,2024,Slnd,McNeese,2,LEFT,False
2551179,A&M-Corpus Christi,UIW,91.0,UIW,3pt,jumpshot,False,RIGHT,24.941,atb3,lw3,2025,A&M-Corpus Christi,2025,Slnd,SFA,1,RIGHT,False
2551179,A&M-Corpus Christi,UIW,287.0,UIW,2pt,jumpshot,False,RIGHT,7.19,paint2,paint2,2025,A&M-Corpus Christi,2025,Slnd,SFA,1,RIGHT,False
2551179,A&M-Corpus Christi,UIW,406.0,UIW,2pt,jumpshot,False,RIGHT,7.13,paint2,paint2,2025,A&M-Corpus Christi,2025,Slnd,SFA,1,RIGHT,False
2551179,A&M-Corpus Christi,UIW,424.0,UIW,3pt,jumpshot,True,RIGHT,25.234,atb3,tok3,2025,A&M-Corpus Christi,2025,Slnd,SFA,1,RIGHT,False
2551179,A&M-Corpus Christi,UIW,1214.0,UIW,2pt,jumpshot,True,LEFT,7.022,mid2,lb2,2025,A&M-Corpus Christi,2025,Slnd,SFA,2,LEFT,False
2551179,A&M-Corpus Christi,UIW,1323.0,UIW,3pt,jumpshot,False,LEFT,24.31,atb3,tok3,2025,A&M-Corpus Christi,2025,Slnd,SFA,2,LEFT,False
2551179,A&M-Corpus Christi,UIW,1439.0,UIW,3pt,jumpshot,False,LEFT,23.538,c3,rc3,2025,A&M-Corpus Christi,2025,Slnd,SFA,2,LEFT,False
2551179,A&M-Corpus Christi,UIW,1469.0,UIW,2pt,jumpshot,True,LEFT,11.635,paint2,paint2,2025,A&M-Corpus Christi,2025,Slnd,SFA,2,LEFT,False
2551179,A&M-Corpus Christi,UIW,1626.0,UIW,3pt,jumpshot,True,LEFT,23.112,c3,rc3,2025,A&M-Corpus Christi,2025,Slnd,SFA,2,LEFT,False
2551179,A&M-Corpus Christi,UIW,2351.6,UIW,3pt,jumpshot,False,LEFT,23.25,atb3,rw3,2025,A&M-Corpus Christi,2025,Slnd,SFA,2,LEFT,False
1987734,A&M-Corpus Christi,Houston Christian,524.0,Houston Christian,2pt,jumpshot,False,RIGHT,15.829,mid2,lb2,2022,A&M-Corpus Christi,2022,Slnd,Nicholls,1,RIGHT,False
1987734,A&M-Corpus Christi,Houston Christian,796.0,Houston Christian,3pt,jumpshot,False,RIGHT,23.294,c3,lc3,2022,A&M-Corpus Christi,2022,Slnd,Nicholls,1,RIGHT,False
1987734,A&M-Corpus Christi,Houston Christian,902.0,Houston Christian,3pt,jumpshot,False,RIGHT,23.718,c3,rc3,2022,A&M-Corpus Christi,2022,Slnd,Nicholls,1,RIGHT,False
1987734,A&M-Corpus Christi,Houston Christian,1304.0,Houston Christian,3pt,jumpshot,True,LEFT,22.614,c3,rc3,2022,A&M-Corpus Christi,2022,Slnd,Nicholls,2,LEFT,False
1987734,A&M-Corpus Christi,Houston Christian,1476.0,Houston Christian,3pt,jumpshot,False,LEFT,24.835,atb3,tok3,2022,A&M-Corpus Christi,2022,Slnd,Nicholls,2,LEFT,False
1987734,A&M-Corpus Christi,Houston Christian,1984.0,Houston Christian,2pt,jumpshot,True,LEFT,7.251,paint2,paint2,2022,A&M-Corpus Christi,2022,Slnd,Nicholls,2,LEFT,False
1987734,A&M-Corpus Christi,Houston Christian,2087.0,Houston Christian,3pt,jumpshot,True,LEFT,23.609,c3,lc3,2022,A&M-Corpus Christi,2022,Slnd,Nicholls,2,LEFT,False
1987734,A&M-Corpus Christi,Houston Christian,2317.0,Houston Christian,2pt,jumpshot,False,LEFT,17.3,mid2,rb2,2022,A&M-Corpus Christi,2022,Slnd,Nicholls,2,LEFT,False
2551176,A&M-Corpus Christi,Nicholls,52.0,Nicholls,3pt,jumpshot,False,RIGHT,24.116,atb3,lw3,2025,A&M-Corpus Christi,2025,Slnd,SFA,1,RIGHT,False
2551176,A&M-Corpus Christi,Nicholls,606.0,Nicholls,2pt,pullupjumpshot,True,RIGHT,8.572,mid2,rb2,2025,A&M-Corpus Christi,2025,Slnd,SFA,1,RIGHT,False
2551176,A&M-Corpus Christi,Nicholls,1101.0,Nicholls,2pt,floatingjumpshot,False,RIGHT,13.779,paint2,paint2,2025,A&M-Corpus Christi,2025,Slnd,SFA,1,RIGHT,False
2551176,A&M-Corpus Christi,Nicholls,1228.0,Nicholls,3pt,jumpshot,False,LEFT,26.889,atb3,tok3,2025,A&M-Corpus Christi,2025,Slnd,SFA,2,LEFT,False
2551176,A&M-Corpus Christi,Nicholls,1583.0,Nicholls,2pt,jumpshot,False,LEFT,6.972,paint2,paint2,2025,A&M-Corpus Christi,2025,Slnd,SFA,2,LEFT,False
2551176,A&M-Corpus Christi,Nicholls,1865.0,Nicholls,2pt,jumpshot,False,LEFT,9.196,paint2,paint2,2025,A&M-Corpus Christi,2025,Slnd,SFA,2,LEFT,False
2551176,A&M-Corpus Christi,Nicholls,1907.0,Nicholls,3pt,jumpshot,False,LEFT,23.777,c3,rc3,2025,A&M-Corpus Christi,2025,Slnd,SFA,2,LEFT,False
2551176,A&M-Corpus Christi,Nicholls,2385.9,Nicholls,3pt,jumpshot,False,LEFT,30.114,heave3,heave3,2025,A&M-Corpus Christi,2025,Slnd,SFA,2,LEFT,False
2549281,A&M-Corpus Christi,UTRGV,16.0,UTRGV,3pt,jumpshot,True,RIGHT,23.964,atb3,rw3,2025,A&M-Corpus Christi,2025,Slnd,SFA,1,RIGHT,False
2549281,A&M-Corpus Christi,UTRGV,331.0,UTRGV,3pt,jumpshot,False,RIGHT,23.718,c3,lc3,2025,A&M-Corpus Christi,2025,Slnd,SFA,1,RIGHT,False
2549281,A&M-Corpus Christi,UTRGV,1218.0,UTRGV,2pt,jumpshot,False,LEFT,12.89,paint2,paint2,2025,A&M-Corpus Christi,2025,Slnd,SFA,2,LEFT,False
2549281,A&M-Corpus Christi,UTRGV,1397.0,UTRGV,2pt,floatingjumpshot,True,LEFT,12.566,paint2,paint2,2025,A&M-Corpus Christi,2025,Slnd,SFA,2,LEFT,False
2549281,A&M-Corpus Christi,UTRGV,1585.0,UTRGV,3pt,jumpshot,True,LEFT,23.003,c3,rc3,2025,A&M-Corpus Christi,2025,Slnd,SFA,2,LEFT,False
2549281,A&M-Corpus Christi,UTRGV,2175.0,UTRGV,2pt,jumpshot,False,LEFT,5.826,paint2,paint2,2025,A&M-Corpus Christi,2025,Slnd,SFA,2,LEFT,False
2549281,A&M-Corpus Christi,UTRGV,2230.0,UTRGV,3pt,jumpshot,False,LEFT,24.257,atb3,rw3,2025,A&M-Corpus Christi,2025,Slnd,SFA,2,LEFT,False
2345335,A&M-Corpus Christi,Lamar University,148.0,Lamar University,2pt,jumpshot,False,RIGHT,16.548,mid2,re2,2024,A&M-Corpus Christi,2024,Slnd,McNeese,1,RIGHT,False
2345335,A&M-Corpus Christi,Lamar University,455.0,Lamar University,2pt,hookshot,True,RIGHT,8.864,paint2,paint2,2024,A&M-Corpus Christi,2024,Slnd,McNeese,1,RIGHT,False
2345335,A&M-Corpus Christi,Lamar University,969.0,Lamar University,3pt,jumpshot,False,RIGHT,23.85,c3,lc3,2024,A&M-Corpus Christi,2024,Slnd,McNeese,1,RIGHT,False
2345335,A&M-Corpus Christi,Lamar University,1163.0,Lamar University,2pt,hookshot,True,RIGHT,7.588,paint2,paint2,2024,A&M-Corpus Christi,2024,Slnd,McNeese,1,RIGHT,False
2345335,A&M-Corpus Christi,Lamar University,2141.0,Lamar University,3pt,jumpshot,False,LEFT,24.321,atb3,rw3,2024,A&M-Corpus Christi,2024,Slnd,McNeese,2,LEFT,False
1987734,A&M-Corpus Christi,Houston Christian,132.0,Houston Christian,2pt,hookshot,False,RIGHT,3.282,atr2,atr2,2022,A&M-Corpus Christi,2022,Slnd,Nicholls,1,RIGHT,False
1987734,A&M-Corpus Christi,Houston Christian,465.0,Houston Christian,3pt,jumpshot,False,RIGHT,23.048,c3,rc3,2022,A&M-Corpus Christi,2022,Slnd,Nicholls,1,RIGHT,False
1987734,A&M-Corpus Christi,Houston Christian,596.0,Houston Christian,3pt,jumpshot,True,RIGHT,24.357,atb3,rw3,2022,A&M-Corpus Christi,2022,Slnd,Nicholls,1,RIGHT,False
1987734,A&M-Corpus Christi,Houston Christian,665.0,Houston Christian,3pt,jumpshot,True,RIGHT,24.214,c3,rc3,2022,A&M-Corpus Christi,2022,Slnd,Nicholls,1,RIGHT,False
1987734,A&M-Corpus Christi,Houston Christian,962.0,Houston Christian,3pt,jumpshot,False,RIGHT,24.037,c3,rc3,2022,A&M-Corpus Christi,2022,Slnd,Nicholls,1,RIGHT,False
1987734,A&M-Corpus Christi,Houston Christian,1540.0,Houston Christian,3pt,jumpshot,False,LEFT,25.458,atb3,lw3,2022,A&M-Corpus Christi,2022,Slnd,Nicholls,2,LEFT,False
1987734,A&M-Corpus Christi,Houston Christian,1788.0,Houston Christian,3pt,jumpshot,False,LEFT,24.956,atb3,tok3,2022,A&M-Corpus Christi,2022,Slnd,Nicholls,2,LEFT,False
1987734,A&M-Corpus Christi,Houston Christian,1906.0,Houston Christian,3pt,jumpshot,False,LEFT,25.703,atb3,lw3,2022,A&M-Corpus Christi,2022,Slnd,Nicholls,2,LEFT,False
2190799,A&M-Corpus Christi,New Orleans,137.0,New Orleans,2pt,jumpshot,True,RIGHT,17.317,mid2,re2,2023,A&M-Corpus Christi,2023,Slnd,Nicholls,1,RIGHT,False
2190799,A&M-Corpus Christi,New Orleans,1197.8,New Orleans,3pt,jumpshot,False,RIGHT,23.371,c3,lc3,2023,A&M-Corpus Christi,2023,Slnd,Nicholls,1,RIGHT,False
2190799,A&M-Corpus Christi,New Orleans,1410.0,New Orleans,2pt,jumpshot,True,LEFT,18.387,mid2,re2,2023,A&M-Corpus Christi,2023,Slnd,Nicholls,2,LEFT,False
2190799,A&M-Corpus Christi,New Orleans,1720.0,New Orleans,3pt,jumpshot,True,LEFT,23.777,c3,rc3,2023,A&M-Corpus Christi,2023,Slnd,Nicholls,2,LEFT,False
2184087,A&M-Corpus Christi,CSU Bakersfield,93.0,CSU Bakersfield,3pt,jumpshot,False,RIGHT,24.047,atb3,lw3,2023,A&M-Corpus Christi,2023,Slnd,Nicholls,1,RIGHT,False
2184087,A&M-Corpus Christi,CSU Bakersfield,131.0,CSU Bakersfield,2pt,floatingjumpshot,True,RIGHT,3.553,atr2,atr2,2023,A&M-Corpus Christi,2023,Slnd,Nicholls,1,RIGHT,False
2184087,A&M-Corpus Christi,CSU Bakersfield,352.0,CSU Bakersfield,3pt,jumpshot,False,RIGHT,24.509,atb3,rw3,2023,A&M-Corpus Christi,2023,Slnd,Nicholls,1,RIGHT,False
2184087,A&M-Corpus Christi,CSU Bakersfield,498.0,CSU Bakersfield,3pt,pullupjumpshot,True,RIGHT,24.993,atb3,rw3,2023,A&M-Corpus Christi,2023,Slnd,Nicholls,1,RIGHT,False
2184087,A&M-Corpus Christi,CSU Bakersfield,682.0,CSU Bakersfield,3pt,jumpshot,False,RIGHT,24.683,atb3,lw3,2023,A&M-Corpus Christi,2023,Slnd,Nicholls,1,RIGHT,False
2184087,A&M-Corpus Christi,CSU Bakersfield,870.0,CSU Bakersfield,3pt,stepbackjumpshot,True,RIGHT,24.723,atb3,rw3,2023,A&M-Corpus Christi,2023,Slnd,Nicholls,1,RIGHT,False
2184087,A&M-Corpus Christi,CSU Bakersfield,993.0,CSU Bakersfield,3pt,pullupjumpshot,True,RIGHT,23.223,c3,rc3,2023,A&M-Corpus Christi,2023,Slnd,Nicholls,1,RIGHT,False
2184087,A&M-Corpus Christi,CSU Bakersfield,1020.0,CSU Bakersfield,3pt,jumpshot,False,RIGHT,23.112,c3,lc3,2023,A&M-Corpus Christi,2023,Slnd,Nicholls,1,RIGHT,False
2184087,A&M-Corpus Christi,CSU Bakersfield,1333.0,CSU Bakersfield,2pt,pullupjumpshot,True,LEFT,12.073,mid2,lb2,2023,A&M-Corpus Christi,2023,Slnd,Nicholls,2,LEFT,False
2184087,A&M-Corpus Christi,CSU Bakersfield,1403.0,CSU Bakersfield,3pt,pullupjumpshot,False,LEFT,22.88,c3,rc3,2023,A&M-Corpus Christi,2023,Slnd,Nicholls,2,LEFT,False
2184087,A&M-Corpus Christi,CSU Bakersfield,1542.0,CSU Bakersfield,3pt,jumpshot,False,LEFT,24.033,c3,rc3,2023,A&M-Corpus Christi,2023,Slnd,Nicholls,2,LEFT,False
2184087,A&M-Corpus Christi,CSU Bakersfield,1910.0,CSU Bakersfield,2pt,jumpshot,False,LEFT,4.886,paint2,paint2,2023,A&M-Corpus Christi,2023,Slnd,Nicholls,2,LEFT,False
2184087,A&M-Corpus Christi,CSU Bakersfield,2089.0,CSU Bakersfield,2pt,jumpshot,False,LEFT,16.316,mid2,re2,2023,A&M-Corpus Christi,2023,Slnd,Nicholls,2,LEFT,False
2184087,A&M-Corpus Christi,CSU Bakersfield,21.0,CSU Bakersfield,2pt,jumpshot,False,RIGHT,14.737,mid2,re2,2023,A&M-Corpus Christi,2023,Slnd,Nicholls,1,RIGHT,False
2184087,A&M-Corpus Christi,CSU Bakersfield,452.0,CSU Bakersfield,3pt,jumpshot,False,RIGHT,23.189,atb3,tok3,2023,A&M-Corpus Christi,2023,Slnd,Nicholls,1,RIGHT,False
2184087,A&M-Corpus Christi,CSU Bakersfield,734.0,CSU Bakersfield,3pt,pullupjumpshot,True,RIGHT,24.591,atb3,rw3,2023,A&M-Corpus Christi,2023,Slnd,Nicholls,1,RIGHT,False
2184087,A&M-Corpus Christi,CSU Bakersfield,791.0,CSU Bakersfield,3pt,stepbackjumpshot,True,RIGHT,23.645,atb3,lw3,2023,A&M-Corpus Christi,2023,Slnd,Nicholls,1,RIGHT,False
2184087,A&M-Corpus Christi,CSU Bakersfield,828.0,CSU Bakersfield,2pt,jumpshot,False,RIGHT,4.96,paint2,paint2,2023,A&M-Corpus Christi,2023,Slnd,Nicholls,1,RIGHT,False
2184087,A&M-Corpus Christi,CSU Bakersfield,1126.0,CSU Bakersfield,2pt,pullupjumpshot,True,RIGHT,1.002,atr2,atr2,2023,A&M-Corpus Christi,2023,Slnd,Nicholls,1,RIGHT,False
2184087,A&M-Corpus Christi,CSU Bakersfield,1517.0,CSU Bakersfield,2pt,floatingjumpshot,True,LEFT,9.1,paint2,paint2,2023,A&M-Corpus Christi,2023,Slnd,Nicholls,2,LEFT,False
2184087,A&M-Corpus Christi,CSU Bakersfield,2053.0,CSU Bakersfield,2pt,pullupjumpshot,True,LEFT,16.073,mid2,re2,2023,A&M-Corpus Christi,2023,Slnd,Nicholls,2,LEFT,False
2184087,A&M-Corpus Christi,CSU Bakersfield,2202.0,CSU Bakersfield,2pt,floatingjumpshot,False,LEFT,5.71,paint2,paint2,2023,A&M-Corpus Christi,2023,Slnd,Nicholls,2,LEFT,False
2184087,A&M-Corpus Christi,CSU Bakersfield,44.0,CSU Bakersfield,2pt,pullupjumpshot,True,RIGHT,10.61,mid2,rb2,2023,A&M-Corpus Christi,2023,Slnd,Nicholls,1,RIGHT,False
2184087,A&M-Corpus Christi,CSU Bakersfield,275.0,CSU Bakersfield,2pt,turnaroundjumpshot,True,RIGHT,3.526,atr2,atr2,2023,A&M-Corpus Christi,2023,Slnd,Nicholls,1,RIGHT,False
2184087,A&M-Corpus Christi,CSU Bakersfield,492.0,CSU Bakersfield,3pt,jumpshot,False,RIGHT,24.258,atb3,rw3,2023,A&M-Corpus Christi,2023,Slnd,Nicholls,1,RIGHT,False
2184087,A&M-Corpus Christi,CSU Bakersfield,610.0,CSU Bakersfield,2pt,turnaroundjumpshot,False,RIGHT,5.447,paint2,paint2,2023,A&M-Corpus Christi,2023,Slnd,Nicholls,1,RIGHT,False
2184087,A&M-Corpus Christi,CSU Bakersfield,694.0,CSU Bakersfield,3pt,jumpshot,False,RIGHT,24.683,atb3,rw3,2023,A&M-Corpus Christi,2023,Slnd,Nicholls,1,RIGHT,False
2184087,A&M-Corpus Christi,CSU Bakersfield,985.0,CSU Bakersfield,2pt,jumpshot,False,RIGHT,18.664,mid2,le2,2023,A&M-Corpus Christi,2023,Slnd,Nicholls,1,RIGHT,False
2184087,A&M-Corpus Christi,CSU Bakersfield,1067.0,CSU Bakersfield,3pt,jumpshot,True,RIGHT,23.556,c3,lc3,2023,A&M-Corpus Christi,2023,Slnd,Nicholls,1,RIGHT,False
2184087,A&M-Corpus Christi,CSU Bakersfield,1199.4,CSU Bakersfield,3pt,jumpshot,False,RIGHT,23.984,atb3,tok3,2023,A&M-Corpus Christi,2023,Slnd,Nicholls,1,RIGHT,False
2184087,A&M-Corpus Christi,CSU Bakersfield,1268.0,CSU Bakersfield,2pt,pullupjumpshot,True,LEFT,15.193,mid2,rb2,2023,A&M-Corpus Christi,2023,Slnd,Nicholls,2,LEFT,False
2184087,A&M-Corpus Christi,CSU Bakersfield,1462.0,CSU Bakersfield,3pt,pullupjumpshot,True,LEFT,23.556,c3,lc3,2023,A&M-Corpus Christi,2023,Slnd,Nicholls,2,LEFT,False
2184087,A&M-Corpus Christi,CSU Bakersfield,1585.0,CSU Bakersfield,3pt,jumpshot,False,LEFT,22.503,c3,rc3,2023,A&M-Corpus Christi,2023,Slnd,Nicholls,2,LEFT,False
2184087,A&M-Corpus Christi,CSU Bakersfield,1694.0,CSU Bakersfield,2pt,stepbackjumpshot,True,LEFT,20.411,mid2,rb2,2023,A&M-Corpus Christi,2023,Slnd,Nicholls,2,LEFT,False
2184087,A&M-Corpus Christi,CSU Bakersfield,1791.0,CSU Bakersfield,3pt,jumpshot,False,LEFT,23.538,c3,lc3,2023,A&M-Corpus Christi,2023,Slnd,Nicholls,2,LEFT,False
2184087,A&M-Corpus Christi,CSU Bakersfield,1963.0,CSU Bakersfield,2pt,stepbackjumpshot,False,LEFT,11.601,mid2,le2,2023,A&M-Corpus Christi,2023,Slnd,Nicholls,2,LEFT,False
2184087,A&M-Corpus Christi,CSU Bakersfield,218.0,CSU Bakersfield,2pt,jumpshot,False,RIGHT,4.528,paint2,paint2,2023,A&M-Corpus Christi,2023,Slnd,Nicholls,1,RIGHT,False
2184087,A&M-Corpus Christi,CSU Bakersfield,251.0,CSU Bakersfield,2pt,stepbackjumpshot,True,RIGHT,14.677,mid2,rb2,2023,A&M-Corpus Christi,2023,Slnd,Nicholls,1,RIGHT,False
2184087,A&M-Corpus Christi,CSU Bakersfield,647.0,CSU Bakersfield,3pt,stepbackjumpshot,True,RIGHT,24.033,c3,rc3,2023,A&M-Corpus Christi,2023,Slnd,Nicholls,1,RIGHT,False
2184087,A&M-Corpus Christi,CSU Bakersfield,1223.0,CSU Bakersfield,2pt,pullupjumpshot,True,LEFT,10.239,paint2,paint2,2023,A&M-Corpus Christi,2023,Slnd,Nicholls,2,LEFT,False
2184087,A&M-Corpus Christi,CSU Bakersfield,1296.0,CSU Bakersfield,2pt,jumpshot,False,LEFT,18.312,mid2,re2,2023,A&M-Corpus Christi,2023,Slnd,Nicholls,2,LEFT,False
2184087,A&M-Corpus Christi,CSU Bakersfield,1620.0,CSU Bakersfield,3pt,stepbackjumpshot,True,LEFT,23.112,c3,rc3,2023,A&M-Corpus Christi,2023,Slnd,Nicholls,2,LEFT,False
2184087,A&M-Corpus Christi,CSU Bakersfield,1745.0,CSU Bakersfield,2pt,pullupjumpshot,False,LEFT,18.95,mid2,le2,2023,A&M-Corpus Christi,2023,Slnd,Nicholls,2,LEFT,False
2184087,A&M-Corpus Christi,CSU Bakersfield,1851.0,CSU Bakersfield,3pt,jumpshot,False,LEFT,23.128,c3,rc3,2023,A&M-Corpus Christi,2023,Slnd,Nicholls,2,LEFT,False
2184087,A&M-Corpus Christi,CSU Bakersfield,1878.0,CSU Bakersfield,2pt,turnaroundjumpshot,True,LEFT,6.523,mid2,rb2,2023,A&M-Corpus Christi,2023,Slnd,Nicholls,2,LEFT,False
